Frame,root_translateX,root_translateY,root_translateZ,root_rotateX,root_rotateY,root_rotateZ,left_hip_pitch_joint_dof,left_hip_roll_joint_dof,left_hip_yaw_joint_dof,left_knee_joint_dof,left_ankle_pitch_joint_dof,left_ankle_roll_joint_dof,right_hip_pitch_joint_dof,right_hip_roll_joint_dof,right_hip_yaw_joint_dof,right_knee_joint_dof,right_ankle_pitch_joint_dof,right_ankle_roll_joint_dof,waist_yaw_joint_dof,waist_roll_joint_dof,waist_pitch_joint_dof,left_shoulder_pitch_joint_dof,left_shoulder_roll_joint_dof,left_shoulder_yaw_joint_dof,left_elbow_joint_dof,left_wrist_roll_joint_dof,left_wrist_pitch_joint_dof,left_wrist_yaw_joint_dof,right_shoulder_pitch_joint_dof,right_shoulder_roll_joint_dof,right_shoulder_yaw_joint_dof,right_elbow_joint_dof,right_wrist_roll_joint_dof,right_wrist_pitch_joint_dof,right_wrist_yaw_joint_dof
0,-3.7784390449523926,0.3574458956718445,80.20890045166016,0.7899763188702967,-1.2428313085835574,-178.71977147828036,24.411427,11.6201725,25.162022,6.892098,-11.074525,-6.948504,-25.46987,-14.293688,-23.092525,5.9513016,14.840578,7.9527073,-12.310438,-9.454665,15.904723,-21.790827,31.713602,-22.277021,49.49926,-2.025779,-1.9594352,24.818392,6.565533,-14.42365,26.427153,58.72806,-0.92399603,-0.8565087,-14.013413
1,-5.733910083770752,0.5662535429000854,79.53804779052734,2.3229268912970675,-2.123761977646627,-177.07131205238107,26.846233,10.409268,24.058483,6.7849145,-10.317427,-5.648,-26.13652,-16.333082,-23.16629,5.7838297,10.879324,9.507126,-13.444724,-9.855477,15.332987,-22.752918,31.934542,-21.78557,48.633068,-2.0994596,-0.9715519,24.485828,8.595208,-14.454199,25.685339,60.442883,0.56507814,-0.08163906,-14.328811
2,-8.135856628417969,0.8125661015510559,79.77892303466797,3.1840411221724128,-2.8877451202805635,-176.77583615016036,29.153215,9.462711,22.812315,6.8504853,-8.597442,-4.7035885,-26.382267,-16.912834,-21.382624,5.723097,9.769637,10.050325,-13.6661005,-9.736032,15.027127,-22.101053,32.0255,-21.524347,47.371002,-2.8147666,-0.89040166,24.890081,9.737955,-14.50067,25.348652,61.792873,2.0245597,-0.00089720485,-14.615077
3,-10.924562454223633,1.0803487300872803,80.26277160644531,3.1191136987781185,-2.977124824978731,-177.8650181301539,31.512112,9.031388,23.283665,7.0818286,-3.9260361,-4.1618567,-26.58447,-15.184899,-16.984251,5.5840697,15.545559,9.264496,-12.734783,-8.844549,15.204458,-20.246704,31.870676,-21.118782,46.156918,-3.786042,-0.7534629,24.652245,9.791425,-14.520045,26.010138,63.26405,4.937793,-0.9095792,-14.787753
4,-14.007869720458984,1.3687560558319092,80.84661102294922,2.412252062377396,-2.361394195226819,-178.86725957484282,27.214191,12.261597,23.204016,21.52703,-0.23303564,-3.5238674,-25.920504,-12.66497,-12.306035,5.495524,23.505533,8.152591,-11.956742,-7.401436,15.512101,-17.661375,31.11855,-20.709896,45.855427,-5.4389443,-0.8367362,24.195683,8.638042,-14.310084,27.169348,64.92625,7.2414274,-1.3647205,-15.230963
5,-17.24156379699707,1.667683720588684,81.43709564208984,0.6175160665960945,-1.1461820056665877,-179.32365782510368,19.195992,17.174467,21.59461,40.994778,3.2847157,-2.3641198,-28.043953,-10.565786,-10.096667,12.665281,25.616343,5.9865685,-11.40925,-5.0392923,15.9611025,-14.945892,29.965828,-21.430777,46.637814,-6.5637264,-0.9519835,22.754993,6.6364326,-13.989982,28.1077,65.61758,8.981643,-2.0777085,-15.877214
6,-20.547706604003906,1.9671201705932617,81.96000671386719,-1.0547611723612371,-0.45701060136361144,-179.45668709505884,9.414741,20.001463,17.39568,60.03693,5.6442595,-1.7144378,-30.52822,-9.650221,-9.104712,21.760149,24.768679,3.1406784,-10.607781,-3.2898376,17.015085,-12.840525,28.595352,-23.012362,48.502605,-7.26363,-0.92306477,20.060452,3.7258215,-13.63396,28.24292,64.84235,10.669519,-2.82572,-16.429846
7,-23.836183547973633,2.2714521884918213,82.31830596923828,-1.3448732190265948,-0.1905836638101232,-179.54270887474078,-0.6600089,19.784212,12.840385,73.99208,5.349101,-2.4030237,-31.247782,-9.452795,-8.543144,28.059582,23.702108,1.1836475,-9.595807,-3.0184119,18.584156,-11.453765,27.195385,-24.697475,51.509254,-7.2449365,-0.8155948,17.912104,0.07722054,-13.327486,27.557125,62.786327,10.613329,-3.1323693,-17.546524
8,-27.0604305267334,2.5601179599761963,82.38793182373047,-1.5294745385344835,0.39487512283964016,179.82475691139908,-9.274431,18.499058,10.763641,81.76037,0.30558246,-1.9379561,-31.699688,-9.393216,-7.9523954,33.85665,21.569237,-0.2528627,-8.005386,-3.1980522,20.242098,-10.88914,25.945946,-25.997593,54.89682,-6.6592345,-0.30733564,16.007736,-4.2881904,-13.178522,26.877762,60.03826,11.796086,-3.3344424,-17.924267
9,-30.18948745727539,2.8320116996765137,82.07463836669922,-1.0324811148075923,0.6760997806950879,179.6153081870825,-16.792286,17.49796,11.092943,81.75563,-3.679179,-0.7777535,-31.310808,-9.248378,-6.925382,37.81308,19.387108,0.22004749,-6.417301,-3.7648654,22.256939,-10.765333,24.960508,-26.835627,57.797646,-6.718201,0.4087412,14.837031,-8.673078,-13.30294,26.332441,57.14289,11.602862,-3.050721,-18.571321
10,-33.23102951049805,3.0499677658081055,81.41351318359375,-0.7833096727443312,0.7094015281831179,179.2746903727938,-22.694403,16.182596,11.615847,74.69666,-7.2311745,0.30559707,-30.747221,-9.042529,-6.0974393,40.868084,16.642305,1.7928915,-4.4825716,-4.3675113,24.317,-10.996592,24.344412,-27.098902,59.863102,-6.417546,1.1348199,13.892459,-12.794657,-13.721586,25.768314,54.454746,11.584942,-2.4018447,-18.498085
11,-36.21171188354492,3.181743621826172,80.3113784790039,-1.5828272219353385,1.3631230162941084,178.26968170412746,-26.198694,15.114918,12.498302,62.157013,-8.418407,1.6772493,-30.550158,-9.321256,-6.538917,45.840393,10.935235,1.2488579,-2.6303306,-4.7617283,25.789845,-10.455436,23.994526,-26.666304,60.25555,-4.5549316,2.4041824,13.668886,-15.573044,-14.270171,25.73607,51.66007,11.107544,-1.8958527,-19.02859
12,-39.11773681640625,3.25046706199646,78.57801055908203,-2.3774092490946956,2.0987003095362087,175.88184631245866,-27.87485,14.012884,12.5692835,51.643803,-7.299433,1.3630906,-31.84438,-9.772822,-5.662107,53.596397,5.947606,1.250634,-1.1825061,-5.269059,26.891155,-9.507514,23.79124,-25.65121,59.388565,-3.6086593,3.1257815,14.537237,-17.293129,-14.872652,25.679846,48.342083,10.349453,-1.8393626,-20.010538
13,-41.90461730957031,3.267249584197998,76.14453125,-2.5453115104705053,1.980941864552276,173.74236538202933,-30.327854,14.664102,12.041071,53.58546,-10.336642,1.4956071,-34.465816,-10.2500725,-4.1403193,64.91617,0.16857907,1.2639495,-0.8203505,-5.8697133,27.284365,-9.532297,23.769201,-25.536663,59.358704,-4.3546023,3.342716,15.224559,-17.731133,-15.37488,25.766462,45.526295,11.418877,-2.2789907,-22.01657
14,-44.534122467041016,3.237732410430908,73.31888580322266,-2.3971050364103603,1.0002763454529429,172.09129473482025,-34.34366,15.832967,9.606122,66.31274,-15.488119,1.6724986,-37.824215,-9.688633,-1.3802227,77.352615,-3.6785839,1.446206,-0.89726835,-6.2515354,27.307774,-10.311232,23.74903,-25.131813,59.382824,-4.927982,3.2347991,16.535475,-16.83806,-15.6477165,25.35777,43.540863,11.386665,-2.8167727,-24.424831
15,-46.9655876159668,3.160818338394165,70.22611236572266,-2.933763040768861,-1.0236087149983533,170.4410619719372,-38.273357,17.012192,6.6286216,82.20165,-22.254631,2.1186337,-41.016228,-8.67341,1.198281,91.28116,-8.555073,1.604285,-1.0418658,-6.2351785,26.423153,-11.625981,23.791325,-24.66913,59.508545,-6.049176,3.290245,17.533321,-15.638553,-15.913081,25.003464,42.74658,10.008493,-2.947286,-25.927126
16,-49.193729400634766,3.0635859966278076,67.21627807617188,-3.5682577563058,-3.1706485182370976,168.894935924904,-40.95062,17.574196,3.4159365,96.17814,-27.956408,1.8025254,-42.8688,-7.9747806,2.7476463,103.47246,-14.555786,1.7545515,-0.96510714,-5.7815804,25.312101,-13.243001,24.098976,-24.687216,58.871452,-5.9171543,3.1849406,18.356617,-14.028972,-16.20898,25.087975,43.59084,8.621483,-3.583563,-26.974474
17,-51.215415954589844,2.9678046703338623,62.344337463378906,-4.195463082446369,-5.626532897067835,168.02257382450648,-42.34979,17.26787,-0.0550427,109.39511,-32.753605,1.2390355,-43.40948,-7.6443114,3.720315,114.53813,-20.341446,1.509015,-0.79854494,-5.060814,23.453472,-14.125807,24.471952,-24.140074,57.303616,-5.8177204,3.835638,18.598604,-11.29795,-16.40273,25.234926,44.738575,7.509696,-3.7977915,-27.113504
18,-53.06238555908203,2.8915464878082275,57.86531066894531,-4.852611795985929,-8.584359876363457,167.4497293581712,-42.373455,16.580885,-3.0116267,120.48986,-35.783173,0.031090826,-42.592228,-6.968054,4.752356,123.584114,-26.321014,1.7119029,-0.6184642,-4.1384673,21.14404,-14.123669,24.853783,-22.797602,55.341682,-5.834763,4.654928,18.62944,-8.4016905,-16.53111,25.483852,46.645695,5.657079,-3.7395635,-26.370459
19,-54.79189682006836,2.8563036918640137,53.9318962097168,-5.457994303913982,-11.857918872794736,166.98495343413987,-40.490883,15.2079735,-5.8317585,129.36815,-38.66933,-2.142378,-40.137955,-4.8891444,6.430129,131.47008,-32.060253,3.0427036,-0.6983024,-3.232561,18.407463,-12.940121,25.186909,-21.439266,53.50572,-5.168927,4.985877,19.68072,-5.399179,-16.64168,25.594086,48.67033,4.45759,-3.7475262,-24.819355
20,-56.47789764404297,2.864633798599243,50.53196716308594,-6.264459179705388,-14.700073784643843,166.96133795939815,-36.65915,13.42711,-8.63039,136.7337,-41.58936,-4.680499,-36.1008,-3.1230495,8.255814,137.95728,-37.06002,4.76013,-0.68771887,-2.4011889,15.545848,-10.845236,25.426208,-19.688723,51.169205,-4.1964383,5.6110773,20.210018,-1.6255193,-16.64966,25.03085,50.581238,4.069754,-4.2188926,-24.307976
21,-58.167545318603516,2.9213380813598633,48.869388580322266,-6.897645058618683,-17.224260657223493,166.5562761988186,-29.827776,12.44022,-9.973887,142.03084,-44.55881,-7.6878777,-30.960173,-2.0084407,9.663773,143.30728,-41.715855,6.4089584,-0.78428805,-1.6046733,12.5265465,-7.6058497,25.596792,-18.746393,49.018982,-2.606001,5.2717657,20.874243,1.5896786,-16.7048,24.55113,52.29713,3.674457,-4.6253486,-22.961979
22,-59.89955520629883,3.034396171569824,47.57620620727539,-7.350648683871475,-19.292794735610226,166.10651598865923,-21.544378,11.24206,-10.778089,145.72961,-47.8968,-10.114731,-24.808096,-1.3563155,11.258549,146.8496,-46.262856,7.7447186,-0.7309897,-0.98299587,9.993589,-4.65134,25.75686,-18.181664,47.890182,-1.430596,4.667012,20.941246,4.5751815,-16.807823,23.903315,53.53751,3.380993,-5.1035194,-21.780666
23,-61.65257263183594,3.209695339202881,46.568946838378906,-7.524288576630288,-21.276641934563642,165.71098219370916,-11.947762,10.054956,-10.641366,148.52187,-50.000305,-12.579639,-17.866808,-0.09399865,13.168006,149.60565,-49.75702,9.448081,-0.7864167,-0.47975555,8.3899765,-1.7713225,25.858004,-17.719864,47.1708,-0.13638175,4.646929,20.723808,6.9782486,-16.863197,22.891869,53.809887,3.4511693,-5.624732,-21.669624
24,-63.43144607543945,3.4070141315460205,45.82558822631836,-7.5168381162631475,-22.413650282343994,164.6443332491399,-2.6743126,7.693065,-10.457603,149.73276,-50.000305,-14.998514,-12.164243,0.30896884,15.2419815,150.86816,-50.000305,10.603659,-0.7664947,-0.10859764,7.44525,0.9069644,25.916027,-17.813574,47.218304,0.6513986,4.3493648,20.545856,8.60613,-16.976717,21.977371,53.662918,3.20845,-5.6926246,-21.712177
25,-65.16068267822266,3.631077766418457,45.25224304199219,-7.854945610089171,-22.81238501555376,163.28189556900608,3.243155,6.356331,-9.587716,149.62079,-47.55579,-15.000033,-7.894942,1.3471309,16.417244,151.24141,-50.000305,11.628861,-0.6412469,0.84448993,7.085861,2.698769,25.71079,-18.114262,48.02438,0.7670105,4.507008,19.382599,8.959872,-17.103157,21.467466,53.52717,3.5464766,-5.504869,-21.218573
26,-66.80561065673828,3.9142508506774902,44.38766098022461,-7.769491976188206,-22.27107247772691,162.21420109158487,7.058211,4.387286,-8.683504,149.03423,-45.399246,-15.000033,-4.56529,1.1502208,17.417892,151.06453,-50.000305,12.165549,-0.6991717,1.2672361,7.0189967,3.8974786,25.308664,-18.998598,48.973225,0.6573467,4.5990562,18.224955,8.484829,-17.144682,21.584476,53.483433,4.0002074,-5.561687,-21.140062
27,-68.29737091064453,4.244010925292969,43.940452575683594,-7.540114954604578,-20.965683072902355,160.85866765435685,8.365414,2.632048,-8.246874,148.2658,-43.853928,-15.000033,-2.7628903,0.8045016,18.151045,150.64601,-50.000305,12.304624,-0.86477804,1.6260533,7.1796017,4.3348007,24.704472,-20.242477,50.327473,0.38063082,4.6698904,17.147331,7.0602303,-17.088066,22.054981,53.390373,4.552489,-5.05124,-20.499352
28,-69.60830688476562,4.612093925476074,43.73310089111328,-7.471628635013117,-19.353615464532975,159.463977599911,8.407207,1.6830533,-7.7433434,147.56447,-42.392838,-15.000033,-2.0028937,0.26902825,18.402203,150.36107,-50.000305,11.973529,-0.97208816,2.1018054,7.4939594,4.222107,23.995756,-21.659538,51.767273,0.25482157,4.8993797,16.622606,5.2122293,-16.95366,22.62594,53.522686,4.3795576,-4.630036,-20.018078
29,-70.75067901611328,4.984491348266602,43.761474609375,-7.164041078269773,-17.565425635540844,158.1828360150176,7.318947,0.7156439,-7.281141,146.81676,-41.128883,-15.000033,-1.8287241,0.69119555,18.880558,149.71394,-49.69136,12.33995,-1.1001967,2.554075,8.123477,3.2608747,23.35787,-23.167036,53.27471,0.27066493,5.2940345,15.773382,2.6445923,-16.775906,23.637579,53.678616,4.5081415,-4.33159,-20.570564
30,-71.73977661132812,5.3510026931762695,44.01984405517578,-6.835878630953087,-15.392081382994666,156.62791239312332,5.4769173,0.36630645,-6.645235,145.97234,-39.746033,-14.128965,-3.4673,1.6566669,19.219551,148.82382,-46.916275,12.530027,-1.3360443,3.031127,8.691583,2.1979015,22.827326,-24.570719,54.58347,0.34196433,5.5246463,15.162531,-0.30939972,-16.59339,24.56335,53.06029,3.0419765,-3.78269,-21.521343
31,-72.59479522705078,5.684633731842041,44.40439224243164,-6.635053588694031,-13.70002632352661,155.0445401864483,3.5426872,-0.24391784,-5.9118114,144.98302,-37.602802,-13.567857,-4.925229,1.8060101,19.59786,147.74025,-45.04646,12.867076,-1.5773839,3.285884,9.218037,0.7532948,22.512287,-26.104107,55.764065,0.59732425,5.426604,14.662918,-2.8595,-16.464008,25.379208,51.641315,2.3979805,-3.8465924,-22.928135
32,-73.32451629638672,6.008334159851074,44.62509536743164,-6.6872994855179035,-12.27278424439492,153.674947185436,1.918784,-0.12122051,-5.118377,144.51921,-35.711052,-12.542253,-6.228809,1.7380731,20.038624,146.72986,-42.930454,13.394716,-1.7259873,3.3264906,9.871661,-0.76563245,22.352547,-26.997313,56.20833,0.7467645,5.595003,14.787748,-4.581631,-16.282042,25.234215,49.168377,1.4628575,-3.6704051,-24.747026
33,-73.9510726928711,6.317582130432129,44.903743743896484,-6.616733903807642,-10.765649798996938,152.33189322931943,0.13242036,-0.09813692,-4.3457766,143.84055,-33.458683,-12.347564,-7.7218537,0.86357224,20.472502,145.81253,-41.49157,13.716393,-1.9813716,3.2399511,10.328206,-3.0446794,22.539347,-28.002169,56.698345,1.3176333,5.6938353,14.776926,-6.251233,-16.159822,25.27914,46.893772,0.995871,-3.4626594,-26.413315
34,-74.47786712646484,6.633058071136475,45.287330627441406,-6.429163097087468,-9.30628266834344,151.00469540803493,-1.9052645,-0.11258174,-3.5199797,143.04344,-31.077578,-12.2789345,-9.352542,0.23039323,20.849117,144.88159,-38.74773,13.917738,-2.1763828,3.0510662,10.973037,-5.493106,22.8645,-28.833899,56.77815,1.5241258,5.62836,14.771108,-7.718797,-16.039473,25.309586,44.7964,0.3855058,-3.1168864,-27.234724
35,-74.92920684814453,6.948402404785156,45.71315002441406,-6.139496944598931,-7.573164754584643,149.7946623078517,-4.470603,-0.22021435,-2.8741133,142.28851,-27.573572,-12.273611,-11.256364,-0.45248073,21.225271,144.0672,-36.215134,13.880184,-2.3916154,2.7279289,11.653602,-8.80594,23.360268,-29.804745,57.11531,1.9911035,5.5848193,14.909477,-9.404753,-15.908309,25.659115,43.28539,-0.8201898,-2.7380471,-28.102446
36,-75.31051635742188,7.278059959411621,46.209632873535156,-5.873336071416431,-5.849846882359118,148.74287207426536,-7.294838,-0.48421523,-2.3731673,141.5333,-23.808525,-12.46076,-13.27967,-0.42067823,21.35899,143.09529,-32.25904,14.197681,-2.5021234,2.2425559,12.700543,-12.9721155,23.944342,-30.93507,57.525852,1.9041109,5.7217503,15.039312,-11.391739,-15.755484,26.335693,42.601204,-1.287596,-2.9428258,-29.22829
37,-75.63053131103516,7.635163307189941,46.74624252319336,-5.620641610231103,-4.131501080918277,148.09242413451875,-9.917231,-0.48813432,-2.2205384,140.68987,-21.542667,-12.477884,-15.271867,0.02775326,21.362288,142.03549,-28.104033,14.814761,-2.5439558,1.7573317,14.008281,-17.821291,24.561508,-32.461926,58.017776,2.7611191,5.6722045,15.680386,-13.9892645,-15.584684,26.957403,42.458626,-1.7344334,-2.8191552,-30.029318
38,-75.92323303222656,7.997260093688965,47.0582389831543,-5.289706368108999,-1.941372169911693,147.48461734272084,-12.979042,-0.9387548,-1.9800487,140.26103,-18.540949,-13.000311,-17.699306,0.10280052,21.548946,141.22588,-24.292322,14.788477,-2.6281888,1.0361016,15.541784,-23.40173,25.228634,-34.21386,58.77702,2.4601004,5.2141314,15.725413,-17.292995,-15.3450985,27.442753,42.454235,-1.9472607,-2.715435,-30.740973
39,-76.18775939941406,8.369037628173828,47.40316390991211,-5.0113623439551045,0.14436000304106042,147.20291100413928,-16.043653,-1.9460621,-2.159818,139.81676,-15.786741,-13.764165,-20.074257,0.14731182,21.62528,140.53036,-21.140919,14.573898,-2.5754418,0.2648137,17.135841,-29.106905,25.816185,-35.482674,58.98745,2.3580651,5.215712,16.454954,-21.112495,-15.083884,27.86881,42.672146,-2.277802,-2.6423967,-31.93911
40,-76.42475891113281,8.784151077270508,47.39107894897461,-4.928819030727286,2.5169589738577685,146.76025964959197,-18.56923,-2.4430025,-2.5460494,139.79814,-15.045471,-14.08784,-22.105944,1.1628953,21.618486,139.84532,-17.740591,14.9617195,-2.4777987,-0.21870042,18.956816,-34.540447,26.220896,-36.61592,58.429356,2.359655,5.249757,18.151697,-25.816921,-14.754354,28.14694,43.22015,-2.0510995,-2.3638914,-33.525063
41,-76.64374542236328,9.199563026428223,47.1543083190918,-4.549735038681644,4.850998401278402,146.38747898670653,-20.942287,-3.5603652,-2.6464765,139.9979,-13.77252,-14.939943,-24.24771,1.7272589,21.76266,139.4201,-14.659391,14.830109,-2.532015,-0.8063401,20.756172,-39.57853,26.443289,-37.260212,57.59729,1.9911966,5.0707097,19.142075,-30.727564,-14.355913,28.0975,43.81591,-1.7496951,-1.6349336,-34.786617
42,-76.85661315917969,9.601967811584473,46.778663635253906,-3.8998979753388854,7.22510617534956,146.09247490797975,-23.351011,-4.23074,-1.7009689,140.215,-11.3612385,-15.000033,-26.222412,2.1890943,21.732197,138.70398,-10.890791,15.000033,-2.7206597,-1.5071902,22.715904,-44.078384,26.458721,-38.135086,56.346058,1.218592,4.266275,20.779612,-36.257576,-13.978821,28.731958,45.007473,-1.2234942,-1.4797739,-36.1592
43,-77.02542877197266,10.019418716430664,46.30813217163086,-3.434612125004865,9.273187575687396,145.98863947714943,-25.30529,-4.9796147,-1.4472857,140.70155,-10.07362,-15.000033,-27.79319,3.12512,21.546,138.13939,-7.910906,15.000033,-2.8419983,-1.8554047,24.4718,-47.434315,26.219116,-38.34773,54.46838,0.832243,4.133821,22.910666,-41.55086,-13.62135,29.175766,46.47092,-0.04825136,-1.5312432,-37.672874
44,-77.15341186523438,10.457291603088379,45.70156478881836,-3.1273642255592184,11.230244673811526,145.55246160943136,-26.396128,-5.453445,-1.2775893,141.12454,-10.087286,-15.000033,-29.042728,4.3625307,21.029833,137.564,-5.595178,15.000033,-2.9540398,-1.8529756,25.87866,-49.826992,25.726292,-38.505276,52.52395,0.5881258,3.5729828,25.256268,-46.484516,-13.191175,29.621141,47.875084,0.64592814,-1.1028818,-39.169125
45,-77.25096130371094,10.82493782043457,45.34505844116211,-2.779909341972185,12.825910938520915,144.83714750285748,-27.91898,-5.907353,-0.7094587,141.35115,-8.854273,-15.000033,-30.442694,4.5781302,20.74436,137.0344,-4.464991,15.000033,-2.8266714,-1.9803942,27.120218,-51.24048,24.96925,-38.990025,50.157093,1.0710723,2.952597,28.307493,-50.989235,-12.738443,30.590881,49.857964,1.5063099,-1.230205,-40.57143
46,-77.33409118652344,11.148406982421875,45.180259704589844,-1.6372487817623091,14.485342456271058,144.87283729735364,-30.088402,-5.955746,0.7936163,141.04836,-5.2424574,-15.000033,-31.388638,4.675735,20.608168,136.49886,-2.7395673,15.000033,-2.9795532,-2.3129506,28.2417,-52.66058,24.091469,-39.64631,48.10334,2.227753,2.5029504,30.828655,-55.17769,-12.320093,31.694891,52.04723,2.0299942,-1.2664589,-41.601933
47,-77.35935974121094,11.457651138305664,45.017906188964844,-0.9668980409999856,15.841358951851834,144.75512937458876,-31.846869,-5.5072722,1.5917399,141.00664,-3.5321991,-15.000033,-32.351818,4.9564223,20.32596,135.89915,-1.0339316,15.000033,-2.9485753,-2.4741666,29.279213,-54.016064,23.040417,-40.438965,46.24381,3.3283505,2.4311426,33.39494,-58.98573,-11.831877,32.665714,54.42726,2.9903438,-1.1908782,-42.115887
48,-77.35630798339844,11.723714828491211,44.80034255981445,-0.4040357417787984,17.406048568193597,144.6101465934899,-33.900597,-5.1019588,2.1851916,141.17725,-2.0454097,-15.000033,-33.57367,4.908188,19.95877,135.68187,-0.71217895,15.000033,-2.919115,-2.5962734,29.793802,-55.070713,21.887188,-41.37046,44.894615,4.859024,2.365437,35.01667,-61.73008,-11.303054,33.725174,56.174786,3.479578,-1.2514741,-42.755386
49,-77.33065032958984,11.933935165405273,44.49755859375,0.47236252512832794,19.176664804310974,144.8440314097745,-36.224407,-4.7758384,2.9099686,141.3948,0.5916941,-15.000033,-34.89533,5.0587497,19.955915,135.72806,0.17425123,15.000033,-3.0031736,-2.719123,29.793802,-55.92617,20.64884,-42.1286,44.04402,6.097515,2.6010356,37.09181,-63.784393,-10.773092,35.02456,57.83638,3.8174095,-1.2865077,-43.537037
50,-77.28268432617188,12.053363800048828,44.5145378112793,1.3185969457014242,20.430324386707664,145.09484495999547,-38.516464,-4.434539,3.847126,141.25511,2.788213,-15.000033,-36.306473,4.372899,19.790989,135.5432,0.21712022,15.000033,-2.975723,-2.976081,29.793802,-56.629402,19.427774,-42.902443,43.57581,7.111318,2.3120146,38.211727,-64.891785,-10.255107,36.100582,59.37485,3.29211,-1.3913598,-44.782696
51,-77.2014389038086,12.123329162597656,44.505985260009766,1.7692383008137769,21.26537340608224,145.2806617752865,-40.04976,-4.014041,4.394979,141.24675,4.4734154,-15.000033,-37.529392,4.163248,19.666626,135.58223,0.8806583,15.000033,-3.0172565,-3.0895104,29.793802,-57.313473,18.287807,-43.6428,43.33053,8.198592,1.8569767,39.46301,-65.333626,-9.753082,36.29534,60.153316,2.988432,-1.6851315,-45.952705
52,-77.08106994628906,12.15914535522461,44.51823806762695,1.7597603013004435,21.831256825156093,145.19435870448035,-41.2621,-3.782384,4.446981,141.40186,5.3489013,-15.000033,-38.84482,4.070135,19.422142,135.75203,1.6700301,15.000033,-3.0411267,-2.9887834,29.793802,-58.044262,17.231129,-44.16051,43.443176,8.607685,1.7836595,39.697952,-65.347496,-9.270575,36.33804,60.151554,2.8497515,-1.9327823,-47.069214
53,-76.92633056640625,12.147102355957031,44.57694625854492,2.0311832309699946,22.276359786175632,144.99387357941467,-42.17214,-3.249946,5.126125,141.26532,6.109606,-15.000033,-39.9007,3.7763443,19.631338,136.01624,1.2525016,15.000033,-3.2067254,-2.9226315,29.793802,-58.82968,16.266752,-45.04062,43.802055,9.213582,1.0354924,40.025738,-65.31885,-8.745122,36.30774,59.92109,2.525587,-2.2612126,-48.14961
54,-76.73040771484375,12.123523712158203,44.66624450683594,2.095733363333801,22.139427264764876,144.7689518800389,-42.50752,-2.9224968,5.5028634,141.22021,6.846451,-15.000033,-40.541912,3.8844154,19.796854,136.37291,1.2360584,15.000033,-3.4498296,-2.7904487,29.793802,-59.550495,15.375347,-45.69847,44.74331,9.319118,0.9768393,39.363605,-65.11082,-8.18419,36.238754,59.527554,2.3022292,-2.341492,-48.86529
55,-76.48284149169922,12.133245468139648,44.856327056884766,1.8547675000899928,21.863316159262403,144.0557510143011,-42.64854,-2.6618106,5.379714,141.14516,6.3991437,-15.000033,-41.36208,4.222104,19.879824,136.70148,1.4289488,15.000033,-3.6008055,-2.364386,29.793802,-60.40317,14.567947,-46.855473,46.438663,9.4067,0.17989907,39.30289,-65.04392,-7.562599,36.41588,58.972725,1.9192419,-2.4680583,-49.36954
56,-76.20953369140625,12.144817352294922,45.128719329833984,1.8515733614788412,21.22933892520293,143.5916783833736,-42.582363,-2.744979,5.3204217,140.90231,6.5267053,-15.000033,-42.00268,4.292344,20.16715,137.04239,1.826883,15.000033,-3.8443167,-2.0274088,29.793802,-61.172802,13.81273,-47.93708,48.581306,9.36803,0.3052978,37.997066,-65.02048,-6.9266267,36.670242,58.603798,1.399789,-2.3382514,-49.469856
57,-75.91624450683594,12.232871055603027,45.261539459228516,1.472725448130813,20.962901560113327,142.32332029437842,-42.354595,-3.2546923,4.7471285,140.82187,5.2988086,-15.000033,-42.91764,4.8172784,20.269377,137.43909,1.774584,15.000033,-3.6242933,-1.1641939,29.793802,-61.91414,13.113851,-48.588913,50.834026,8.853285,0.14197956,37.43515,-65.08724,-6.225491,36.44497,58.061188,1.4118575,-2.2262838,-49.710014
58,-75.61956787109375,12.361227035522461,45.32461929321289,1.4248905694186085,20.94115004142685,141.57094306306163,-42.290737,-3.57283,4.3447003,140.74281,3.5480726,-15.000033,-43.46688,5.1426053,20.097002,137.7486,1.0130953,15.000033,-3.7097325,-0.3924769,29.793802,-62.830734,12.475661,-48.913353,53.152847,8.081046,0.6050219,36.38816,-65.63434,-5.5851946,36.33013,57.728447,1.014029,-1.919826,-49.716526
59,-75.34349060058594,12.478997230529785,45.3438606262207,2.052908596906742,20.60484286561597,141.2962776038697,-42.179096,-3.6801257,4.8165956,140.60022,4.7223864,-15.000033,-43.44273,4.849979,20.416582,138.20465,-0.10825362,15.000033,-3.9176106,0.20683627,29.793802,-63.48565,11.882378,-49.13584,55.53163,6.5781837,0.49875405,35.776485,-66.12394,-5.0212727,36.626694,58.03614,0.41710463,-1.8310434,-50.13102
60,-75.07401275634766,12.622648239135742,45.514892578125,2.5591200823836306,20.380838270130894,140.95414833301152,-42.305096,-3.0884728,5.1385813,140.33073,5.268465,-15.000033,-43.934784,4.796777,20.844925,138.56546,-1.1268466,15.000033,-4.049794,0.8307391,29.793802,-63.99085,11.376679,-48.98321,57.556538,5.921924,0.42342928,35.74528,-66.60184,-4.540984,36.792225,58.263115,0.50377303,-1.9194325,-49.238667
61,-74.85723114013672,12.788661003112793,45.58241653442383,2.999559797717582,20.298128647506406,140.24901079919118,-42.28703,-3.3260057,5.6359596,140.01112,5.9688168,-15.000033,-44.217144,4.578688,21.348866,138.80461,-1.113711,15.000033,-4.000096,1.3177882,29.793802,-64.50251,10.96509,-49.20098,59.53178,5.3051634,-0.28001136,36.293133,-67.2949,-4.0865507,37.113914,58.808548,0.8535529,-1.8753524,-49.000443
62,-74.66547393798828,12.994705200195312,45.459590911865234,3.2026847856341747,20.10564043384227,139.7905695806075,-41.903126,-3.72829,5.623075,140.09335,6.08979,-15.000033,-44.22419,4.4189796,21.197414,139.23065,-1.4267886,15.000033,-3.9389238,1.9857615,29.793802,-64.868706,10.59051,-48.811028,60.582806,4.710895,0.27189603,35.69081,-67.91358,-3.7232122,36.989258,59.128178,1.6239381,-1.824333,-49.206245
63,-74.508056640625,13.220508575439453,45.58468246459961,3.706748741404028,20.070044225655426,139.36102569294297,-41.884075,-3.76191,6.192197,139.56256,7.814892,-15.000033,-44.134476,4.573959,21.309244,139.12996,-0.93211895,15.000033,-3.9200652,2.7394753,29.793802,-65.065186,10.224136,-48.75642,61.695503,4.603102,-0.019723427,36.11651,-68.55296,-3.3698308,37.657932,60.038418,1.3823358,-1.9512895,-49.16965
64,-74.3760986328125,13.42945671081543,45.69088363647461,4.260766010396498,20.008101461134846,138.9639492153369,-41.827633,-3.8990753,6.8007565,139.07983,8.361096,-15.000033,-44.172264,4.01281,21.602934,139.08072,-0.52678525,15.000033,-3.8291566,3.199449,29.793802,-65.21612,9.888388,-48.295856,62.2885,4.2890177,0.29623652,35.378895,-68.953865,-3.0694926,38.057972,60.619553,0.94698167,-1.7169341,-48.963432
65,-74.26459503173828,13.6539888381958,45.812252044677734,4.494955264808708,20.42825070782259,138.1132819115932,-42.063942,-4.0026197,7.1169877,138.56325,8.536915,-15.000033,-44.67347,4.0761256,21.99637,138.8804,-0.04828066,15.000033,-3.4644904,3.7689865,29.793802,-65.5015,9.598202,-48.774124,63.21796,3.8021061,-0.5021557,36.93352,-69.71414,-2.7540636,38.591347,61.590614,1.1689124,-2.1191967,-48.525757
66,-74.15065002441406,13.864771842956543,46.07667541503906,4.786029109294869,20.130501321857963,137.55650902220196,-41.819958,-4.1419406,7.224802,137.9812,8.768018,-15.000033,-44.414402,3.9744096,22.012222,138.45535,-0.22623439,15.000033,-3.2870896,4.3077846,29.793802,-65.30978,9.288015,-48.952755,64.02609,3.493781,-0.40788615,37.094658,-70.03813,-2.459717,38.9609,62.889126,1.494381,-2.0721936,-48.17911
67,-74.06156921386719,14.01989459991455,46.079368591308594,4.909439668614368,20.106697778575285,137.0320778279043,-41.765316,-3.9110618,7.4457517,137.9602,8.571059,-15.000033,-44.47465,3.525539,22.009207,138.44456,-0.26388186,15.000033,-3.1767507,4.4990807,29.793802,-65.47039,9.027644,-49.583984,64.6306,3.6463616,-0.50125766,37.755783,-70.56764,-2.185334,39.32691,63.77458,1.8098397,-1.9129639,-48.117477
68,-73.99581909179688,14.133021354675293,46.12908172607422,5.074641582096996,19.998211338632412,136.38512711753125,-41.681118,-4.1801696,7.7086005,137.83578,7.7071724,-15.000033,-44.298454,3.1460702,22.274477,138.32352,-1.1709911,15.000033,-2.955696,4.524995,29.793802,-65.57157,8.75151,-49.91025,65.35952,4.012635,-0.020582203,38.088932,-70.81891,-1.8780509,39.472725,64.921364,2.7628872,-1.7775699,-48.568607
69,-73.9494400024414,14.180688858032227,46.139404296875,5.228621891529678,19.30644710224242,135.95243850239999,-41.36391,-4.2057414,7.995559,138.0349,8.561536,-15.000033,-43.659035,2.5803337,22.441359,138.39948,-2.3263881,15.000033,-2.9586654,4.347568,29.793802,-65.37922,8.481988,-50.239937,65.83003,4.539198,0.30644208,37.144165,-70.69081,-1.5663676,39.864098,65.912384,2.5609007,-1.3374379,-48.25754
70,-73.90753936767578,14.217556953430176,46.25071716308594,5.144957097848843,18.955263841797166,135.21991589531652,-41.273746,-4.351572,7.8281236,138.10188,7.5619445,-15.000033,-43.640755,2.36805,22.72194,138.27411,-1.689474,15.000033,-2.8122332,4.310485,29.793802,-65.3305,8.253074,-50.646442,66.32238,4.7820168,0.14519042,37.246216,-70.65977,-1.2831322,40.076694,66.4866,2.5361247,-1.3897061,-48.328156
71,-73.92933654785156,14.190835952758789,46.22795867919922,5.0073506977472855,18.73283032317111,134.65895487896543,-41.221695,-4.18848,8.037605,138.21512,8.246269,-15.000033,-43.42269,2.228799,22.97466,138.24393,-2.2615025,15.000033,-2.8769784,4.0609136,29.793802,-65.41681,8.063646,-50.471848,66.55683,4.848875,0.51430225,36.98477,-70.685356,-1.0063965,40.116386,66.83642,2.705637,-1.0329665,-48.018227
72,-73.92229461669922,14.219403266906738,46.265960693359375,4.2308074700760985,18.19756628589994,133.84562517123894,-40.961292,-4.6291976,6.502765,138.78409,5.57173,-15.000033,-42.857742,2.9477916,22.66034,137.98984,-2.58953,15.000033,-2.652189,4.0835423,29.793802,-65.31532,7.9031944,-50.595345,66.779915,5.1633067,1.4841448,36.171497,-70.40064,-0.77528673,39.451283,67.13388,3.852924,-0.9305128,-47.12685
73,-74.04816436767578,14.112565040588379,46.223724365234375,4.180912175853047,17.77086438782214,133.21549612822145,-40.900723,-3.7774053,7.7693276,138.75055,9.14708,-15.000033,-43.014584,2.2200112,23.433718,138.22511,-1.152038,15.000033,-2.9318023,3.263238,29.793802,-65.28207,7.8477135,-50.731678,66.791176,5.285606,0.94524074,36.82161,-70.0858,-0.51465315,39.56597,66.821175,3.4117315,-0.4772928,-47.780823
74,-74.17721557617188,14.08681583404541,46.20222091674805,3.7810419966791367,17.362117153108887,132.8124201100814,-40.69082,-3.6714156,7.8038406,138.86739,9.830359,-15.000033,-42.74367,1.8307916,23.31144,138.11017,-0.92054147,15.000033,-3.034575,2.6119716,29.793802,-65.17523,7.806011,-50.673847,66.6018,5.262284,1.1884583,36.88912,-69.90861,-0.30181277,39.327156,66.869064,3.1736004,-0.14979337,-48.47042
75,-74.30339813232422,14.15698528289795,46.26897430419922,3.200257052876381,17.3758021092423,132.39948545525039,-40.671646,-3.3797357,7.16412,138.8381,9.452311,-15.000033,-42.76884,1.939109,22.882236,137.72105,-0.5103041,14.702893,-3.0154133,2.2601306,29.793802,-65.1466,7.7581954,-50.643852,66.367966,5.573189,1.6785961,37.155983,-69.846436,-0.101203464,39.104996,66.88713,3.058709,0.2090898,-48.5119
76,-74.46330261230469,14.283495903015137,46.29329299926758,2.8211536054807387,17.411396561294236,132.2884631362655,-40.580482,-3.3498495,6.6512766,138.75937,9.193162,-15.000033,-42.378616,2.1280527,22.506384,137.36261,-0.550166,14.895149,-3.009954,1.916948,29.793802,-65.08942,7.63663,-50.814175,66.34914,5.469444,1.7589227,38.01306,-69.90859,0.09060202,39.064518,67.362785,3.2108772,0.39026994,-48.639206
77,-74.63789367675781,14.4868745803833,46.31882095336914,2.709599099524863,17.78544813652113,132.57649782436667,-40.71113,-3.0945005,6.2418165,138.5511,9.317783,-15.000033,-41.911922,2.4584656,22.14431,136.91983,-0.6013726,15.000033,-3.1461248,1.5712116,29.793802,-65.08534,7.4344153,-51.031803,66.40175,5.722759,2.1042347,38.275085,-70.1202,0.26922336,39.054348,67.945145,3.4654646,0.4478495,-48.572117
78,-74.82270812988281,14.77491569519043,46.332916259765625,2.373890380974669,18.318875923878057,132.52377528989135,-40.74348,-3.4216857,5.4251084,138.28607,8.749192,-15.000033,-41.717655,2.9098482,21.510023,136.41473,-0.6233398,15.000033,-3.0064034,1.3654524,29.793802,-65.06219,7.2438736,-51.62936,66.70643,5.8582625,2.3974807,39.197395,-70.24426,0.43193778,39.113373,68.45907,3.8366506,0.5570527,-49.20062
79,-75.0168228149414,15.106471061706543,46.375633239746094,2.3498308062369193,18.861400648265512,132.55274540175805,-40.650627,-3.6990035,4.9817305,137.76051,9.017416,-15.000033,-41.362434,3.4497793,21.243612,135.9052,-0.49006882,15.000033,-2.8976457,1.2107649,29.793802,-65.006256,6.9026823,-52.138016,67.35453,5.397206,2.3549874,39.90107,-70.37894,0.7119387,39.040897,69.20274,4.072308,0.6868591,-49.563103
80,-75.21131896972656,15.455137252807617,46.44521713256836,2.0840130253921116,19.336709777705728,132.5148474830622,-40.553783,-3.9191234,4.2742057,137.32605,8.827549,-15.000033,-41.41997,3.3449087,20.49708,135.38115,-0.52707195,15.000033,-2.7223244,0.8852562,29.793802,-64.95524,6.540813,-52.737682,68.039276,5.260038,2.4974947,40.90753,-70.40633,0.9933178,39.34391,69.858955,4.2453465,0.6743872,-50.237957
81,-75.39897918701172,15.819738388061523,46.5009651184082,1.8211859837014093,19.840759667939075,132.43464916290242,-40.46007,-4.2458825,3.5462518,136.90082,8.787551,-15.000033,-41.453686,3.5839968,19.91639,134.89731,-0.28643593,15.000033,-2.5050201,0.68506503,29.793802,-64.90641,6.1845846,-53.123493,68.53144,5.457425,2.6627872,41.770134,-70.3469,1.2565163,39.673206,70.23977,4.482151,0.4066971,-50.70462
82,-75.57148742675781,16.183073043823242,46.516822814941406,1.670623817735563,20.552096073938685,132.06833169464684,-40.297344,-4.504524,3.1203592,136.31697,8.493551,-15.000033,-41.48471,3.796485,19.666235,134.41034,-0.79782355,15.000033,-2.178419,0.5862235,29.793802,-64.956116,5.845501,-53.457855,69.280876,5.4320173,2.6116104,42.630466,-70.37431,1.5477518,39.58779,70.389404,4.6855836,0.35719937,-50.96983
83,-75.7234115600586,16.50021743774414,46.60080337524414,1.6508981535581473,20.879981570685427,132.0817319429684,-40.16905,-4.5032606,2.848152,135.8342,8.399556,-15.000033,-41.570305,3.3219187,19.13062,134.01302,-0.8715894,15.000033,-2.101746,0.3143867,29.793802,-64.79512,5.5327225,-54.062374,69.833755,5.320627,2.464574,43.143856,-70.33209,1.8034266,39.902534,70.84685,4.79387,0.14805673,-51.55215
84,-75.7939682006836,16.857988357543945,46.5523681640625,0.4055417622816724,21.543084435279127,131.46418337413394,-39.644676,-4.9644485,0.41655165,135.882,4.992736,-15.000033,-41.85317,3.9275682,17.56652,133.32668,-1.285779,15.000033,-1.6073333,0.56351656,29.793802,-64.88479,5.349398,-54.194565,70.15971,5.4901423,3.1566906,42.978962,-70.315315,1.9791365,39.15139,70.50377,4.948386,0.04076709,-51.118774
85,-75.91077423095703,17.081100463867188,46.701148986816406,0.8294401396790446,21.613257223971896,131.43019976739137,-39.574398,-4.625733,1.3502607,135.11658,7.253189,-15.000033,-41.77187,3.8461087,17.737679,133.13203,-0.8240844,15.000033,-1.6218885,0.2536843,29.793802,-64.620415,5.138228,-54.549164,70.819984,5.109294,1.8343191,44.698254,-69.96739,2.256399,39.666077,70.753624,5.051555,-0.1716133,-51.7824
86,-75.96851348876953,17.275428771972656,46.82782745361328,0.6489304946772454,21.7278805763848,131.116773420036,-39.326317,-4.873651,1.0760193,134.66566,7.0041356,-15.000033,-42.02968,3.710626,17.513498,132.8447,-0.14191356,15.000033,-1.3478063,0.096727304,29.793802,-64.55661,4.956236,-54.597034,71.48417,5.10124,1.6887643,45.330723,-69.880455,2.5259302,40.007755,71.22634,4.7512884,-0.31843102,-51.847923
87,-75.95226287841797,17.45233917236328,47.01526641845703,0.23619026073036806,21.566113271570394,130.75642053690098,-38.618954,-5.055793,0.032960255,134.24472,5.0490856,-15.000033,-41.873413,3.9323006,17.091267,132.3598,-0.35860297,15.000033,-1.0529029,0.28062737,29.793802,-64.416084,4.8029346,-54.767246,72.39943,5.1049023,1.5109781,45.75111,-69.81162,2.7834053,39.994106,72.09432,5.073285,-0.488577,-51.534172
88,-75.91500091552734,17.575483322143555,47.17796325683594,0.11331297936891384,21.355264678928766,130.74056909476744,-38.334053,-4.849246,-0.5034569,134.0157,4.1715913,-15.000033,-41.83038,3.840561,16.713902,132.09534,0.14858003,15.000033,-0.9845367,0.20563127,29.793802,-64.29078,4.692408,-54.927513,72.86977,5.151174,1.4917662,45.101368,-69.75477,2.9629018,40.15197,72.52635,4.8905325,-0.5808685,-51.07645
89,-75.84539794921875,17.677234649658203,47.30792999267578,-0.08112861531046726,21.006872690623013,130.39353820165132,-37.59349,-4.7471533,-1.0186652,133.70023,2.53392,-15.000033,-41.52278,3.9333606,16.476336,131.84087,-0.2861033,15.000033,-0.7748124,0.38925675,29.793802,-64.177345,4.594805,-55.106075,73.85808,5.0511785,1.318032,45.34635,-69.61806,3.178665,40.31816,73.15998,4.8983088,-0.5402139,-50.663464
90,-75.78684997558594,17.727479934692383,47.46591567993164,0.28058826057695946,20.350910437562398,130.4202768411781,-37.074627,-4.3335505,-0.5138796,133.35257,3.6004152,-15.000033,-40.841095,3.6253963,16.613432,131.70161,0.133972,15.000033,-0.8489484,0.1295981,29.793802,-63.92104,4.5472627,-55.226162,74.53497,4.9356985,0.98001844,44.500534,-69.351944,3.3695133,40.461086,73.76206,4.780283,-0.36571848,-49.954327
91,-75.69576263427734,17.786331176757812,47.50284194946289,-0.33337058263072056,19.578590392430833,130.12243027294704,-35.83336,-4.4994707,-1.7474225,133.47708,-0.012126823,-15.000033,-40.083965,3.382455,15.847672,131.43332,-2.0158622,15.000033,-0.62066203,-0.0120268045,29.793802,-63.774525,4.538238,-54.995575,75.10309,4.960136,1.8057568,42.023315,-69.044395,3.5235047,40.114628,74.12944,5.0186987,-0.23536578,-48.62671
92,-75.6306381225586,17.842670440673828,47.564125061035156,-0.3686086777999876,19.138609703308347,129.78850101704998,-35.169304,-4.4674788,-1.7508532,133.25832,-0.162332,-15.000033,-39.697475,3.1971636,15.79682,131.34363,-1.6680765,15.000033,-0.4304558,-0.002849745,29.793802,-63.667236,4.5535274,-55.05802,75.66203,5.150636,1.5299742,42.140743,-68.87912,3.6941106,40.1182,74.5016,5.0080705,-0.3521439,-48.26899
93,-75.59491729736328,17.89936065673828,47.695316314697266,0.05966303802138077,18.942264857690233,129.68047707504593,-35.119804,-4.3987303,-1.1027029,132.8157,1.8729787,-15.000033,-39.751335,3.1552315,16.309397,131.47032,-0.65112865,15.000033,-0.3688393,0.041813657,29.793802,-63.509556,4.5659466,-55.319313,75.99119,5.4526916,0.980167,42.85594,-68.82238,3.896514,40.4009,75.08564,4.43204,-0.5101673,-49.19408
94,-75.57054901123047,17.983436584472656,47.624656677246094,-0.16756932563803298,19.25353268161602,129.32315705435568,-35.161438,-4.404866,-1.3548816,132.86865,1.1986892,-15.000033,-40.10195,2.9110277,16.06974,131.46303,-1.0021932,15.000033,-0.14691326,0.039598096,29.793802,-63.75993,4.578089,-55.67485,76.299324,5.2561755,0.9036212,42.931206,-69.08373,4.1165614,40.738777,75.060455,4.2113056,-0.64342123,-49.584023
95,-75.5709457397461,18.06880760192871,47.70037841796875,-0.27097631266071326,19.201867290428986,129.15261217584086,-35.039356,-4.6141906,-1.5493944,132.69225,1.148051,-15.000033,-40.26392,2.7626798,15.915295,131.39095,-0.565347,15.000033,-0.052585233,0.0069320383,29.793802,-63.679203,4.581874,-55.916214,76.56722,5.177304,0.6280448,43.738083,-69.09421,4.3302774,40.938347,75.361855,4.1528497,-0.5892051,-49.7676
96,-75.60912322998047,18.150867462158203,47.800025939941406,0.0007252814548321917,19.376390252080935,129.21497621659483,-35.38049,-4.704131,-1.1525437,132.37123,2.7925406,-15.000033,-40.529316,2.4329393,16.058792,131.32504,-0.07570397,15.000033,-0.13675095,-0.14916742,29.793802,-63.573887,4.5780687,-56.244186,76.53193,5.64622,0.6307041,43.904274,-69.18089,4.511999,41.08498,75.52623,3.677643,-0.64216906,-50.04473
97,-75.64472198486328,18.258882522583008,47.78090286254883,-0.3373410419894276,19.867542080119126,128.84050348938896,-35.470272,-5.2594104,-1.7218833,132.23738,1.9896203,-15.000033,-41.05037,2.832097,15.99372,131.24344,0.0128154615,15.000033,0.0795881,0.089428246,29.793802,-63.704025,4.563274,-56.434494,76.60274,5.5859623,0.61182475,45.491283,-69.433754,4.6955967,41.122616,75.43689,3.3159065,-0.8335378,-51.00725
98,-75.68745422363281,18.363269805908203,47.730926513671875,-0.5371615714145994,20.42586867393123,128.85985611811446,-35.81402,-5.5757895,-2.161594,132.21948,2.371773,-15.000033,-41.377037,3.2032042,15.585574,131.0753,0.43912515,15.000033,0.07125905,0.14765953,29.793802,-63.864716,4.5503583,-56.437305,76.29014,5.3625793,0.9875387,45.864697,-69.70747,4.7856135,41.198914,75.119415,2.948233,-0.77559507,-51.94117
99,-75.7145004272461,18.437088012695312,47.798831939697266,-0.754804485080712,20.888558481928634,128.6499443590011,-36.253605,-5.5317364,-2.4637299,132.13077,1.8712882,-15.000033,-42.04081,3.0653021,15.329399,130.874,0.72871566,15.000033,0.19914146,0.19886148,29.793802,-63.92739,4.567473,-56.597237,75.944115,5.8782225,0.85726935,45.694588,-69.845436,4.847554,41.185696,74.7252,2.6172698,-1.04984,-51.920593
100,-75.7398452758789,18.471406936645508,47.80532455444336,-1.046835645795257,21.01846825416025,128.3041374534125,-36.09348,-5.9133906,-2.6656318,131.9855,2.0044625,-15.000033,-42.243828,3.1579762,15.205288,130.75697,0.84844375,15.000033,0.3344,0.17930923,29.793802,-63.956734,4.5864663,-56.657604,76.054306,5.738314,0.9960529,46.2248,-69.85083,4.9029646,41.149757,74.55507,2.3893125,-0.8664707,-52.48933
101,-75.72659301757812,18.479341506958008,47.86613464355469,-1.2647950073011809,21.03291953837513,128.20909709601935,-35.930325,-6.2245584,-2.9892616,131.82031,1.604775,-15.000033,-42.327065,3.2469985,14.946666,130.58467,0.9076979,15.000033,0.4230397,0.15680663,29.793802,-64.05311,4.6072807,-56.54448,76.18719,5.6262193,1.3801049,46.637936,-70.06011,5.011693,41.06411,74.99861,2.3495383,-0.42891654,-52.49003
102,-75.65267944335938,18.465208053588867,48.02566146850586,-1.5157728962080537,20.722871148632663,127.92335418568584,-35.62995,-6.186103,-3.3746839,131.67133,0.7628603,-15.000033,-42.25857,3.42476,14.774062,130.34131,0.69684833,15.000033,0.572252,0.24945003,29.793802,-64.039635,4.6322474,-56.598045,76.64028,5.7682214,1.3237828,46.780468,-70.006836,5.0861754,41.431637,75.34448,2.272317,-0.6473573,-52.052673
103,-75.54351806640625,18.41937255859375,48.15452575683594,-1.349395564550458,20.114703124792783,127.77534460587134,-35.201496,-5.921965,-3.2593253,131.55464,-0.3799392,-15.000033,-41.783684,3.40662,15.083043,130.32422,-0.048937682,15.000033,0.6240938,0.2913565,29.793802,-63.90619,4.67985,-56.48156,77.14318,5.7382407,1.0525687,46.09603,-69.91545,5.186741,41.518307,75.999466,2.4673223,-0.44760925,-51.078114
104,-75.40098571777344,18.372121810913086,48.19930648803711,-1.457914076282227,19.334693339758925,127.68291543329383,-34.377052,-5.6759334,-3.6880236,131.66612,-2.3204427,-15.000033,-41.079227,3.6104267,14.923241,130.34024,-0.6460905,15.000033,0.67041224,0.4723893,29.793802,-63.742847,4.7154098,-56.23098,77.56889,5.755542,1.1546853,45.084015,-69.764725,5.2379384,41.452835,76.58451,2.6368175,-0.44079772,-50.525707
105,-75.2708969116211,18.310632705688477,48.3262825012207,-1.3489013960846756,18.441881681197735,127.54720585534771,-33.61611,-5.6291795,-3.6977866,131.57019,-3.0355904,-15.000033,-40.22029,3.4236228,14.959952,130.20496,-0.986539,15.000033,0.7034975,0.42220843,29.793802,-63.47707,4.7926316,-55.99348,77.902084,5.7741804,1.0738482,43.280956,-69.48067,5.3094463,41.30798,77.10211,3.0094616,-0.3281875,-49.37956
106,-75.20040893554688,18.22010040283203,48.41743469238281,-0.8919471024973028,17.57567481507012,127.33614214976859,-33.10651,-5.4460354,-2.6838505,131.40427,-2.0143566,-15.000033,-39.48841,2.527631,15.568171,130.31087,-2.1147757,15.000033,0.7210323,-0.024465162,29.793802,-63.181835,4.9361606,-55.814297,78.0674,6.476017,1.093406,41.902977,-69.06111,5.387268,41.08959,77.250015,2.6766698,-0.376226,-48.57092
107,-75.12252807617188,18.19182777404785,48.498966217041016,-1.1510900747736592,17.422455340714667,127.4486929550322,-32.982838,-5.4234943,-3.3918087,131.47142,-3.8501027,-15.000033,-39.372654,1.9666193,14.993544,130.01804,-2.816549,15.000033,0.6740446,-0.2130076,29.793802,-63.27581,5.070503,-55.62495,77.97754,6.208408,1.692965,40.845345,-69.22662,5.3965635,40.665897,77.3954,2.9162824,0.03215173,-47.715004
108,-75.09391021728516,18.18449592590332,48.548728942871094,-1.217323262212409,17.332102524761556,127.28975703810778,-32.95962,-5.418216,-3.4165542,131.43329,-3.527321,-15.000033,-39.54255,1.6714145,15.005708,130.03825,-3.0373693,14.929488,0.70876443,-0.2890598,29.793802,-63.212605,5.203941,-55.60269,77.86666,6.478106,1.9378127,40.532776,-69.13509,5.4099984,40.36966,77.19199,2.627262,0.07226634,-48.10475
109,-75.09307861328125,18.226316452026367,48.604644775390625,-1.475011036214765,17.743698984583315,127.13003446321905,-33.29661,-5.5991454,-3.7822661,131.32751,-3.2916105,-15.000033,-40.01363,1.9084905,14.739892,129.83377,-2.807627,15.000033,0.7400591,-0.16952725,29.793802,-63.404613,5.25886,-55.73571,77.97823,6.256563,2.2602522,42.099724,-69.38889,5.439469,40.36158,77.11448,2.6935017,0.2970505,-48.731964
110,-75.15267944335938,18.256816864013672,48.494808197021484,-0.9676733205321538,18.28389258111775,126.92674489200752,-34.048885,-5.5598125,-2.5416713,131.27296,-0.73909056,-15.000033,-40.856075,1.0250368,15.407331,130.28725,-2.4151068,14.289887,0.7591008,-0.37808004,29.793802,-63.436962,5.357271,-56.239338,77.51025,6.763398,1.6021286,43.61496,-69.52127,5.504922,40.647408,76.52828,1.8594241,-0.24126703,-50.537994
111,-75.15507507324219,18.350635528564453,48.53400421142578,-1.569194327254266,18.91339260720852,126.62215894717701,-34.451954,-5.902682,-3.7288542,131.32628,-2.2623427,-15.000033,-41.480865,1.651666,14.859494,129.94786,-2.8511539,14.478861,0.9087805,0.01572922,29.793802,-63.609303,5.4356465,-56.233994,77.313,6.880866,2.127017,44.473656,-69.75686,5.54522,40.53885,76.073235,1.7156596,-0.16708417,-51.486088
112,-75.19664001464844,18.409067153930664,48.50245666503906,-1.4809180785826526,19.47563298185488,126.65266367997245,-34.890728,-6.7498717,-3.8678765,131.18608,-1.6654551,-15.000033,-41.73452,2.0080068,14.98809,129.84131,-2.434927,14.93849,0.8773288,0.14355399,29.793802,-63.73261,5.4414635,-56.273403,77.01213,6.674137,2.3170884,45.52271,-70.06774,5.549774,40.54346,75.90519,1.4750439,-0.15615341,-52.071644
113,-75.24504852294922,18.415082931518555,48.47849655151367,-1.4894121863786465,19.747726686473044,126.7496484879554,-35.221523,-6.838308,-3.635048,131.18304,-0.3077996,-15.000033,-42.01063,1.7464519,14.910365,129.82938,-2.2225728,14.883491,0.8091729,-0.107656494,29.793802,-63.839447,5.458256,-56.220284,76.68969,6.797055,2.5116336,45.92272,-70.21663,5.5420833,40.31262,75.68546,1.5374331,-0.10028118,-52.4081
114,-75.2518310546875,18.39594078063965,48.60126876831055,-1.5888717477424177,19.781949877525367,126.6892126986469,-35.32262,-7.0787525,-3.7413647,130.98668,-0.42403,-15.000033,-42.314613,1.3017442,14.711028,129.63599,-1.991259,14.422992,0.86695176,-0.16411729,29.793802,-63.86739,5.45164,-56.38446,76.86982,6.5825815,2.2980125,46.479656,-70.29673,5.54635,40.580635,75.97553,1.2351323,-0.20850788,-52.732624
115,-75.19682312011719,18.369874954223633,48.57522964477539,-1.6711179884348073,19.64881418996428,126.52775260403291,-35.11883,-6.831424,-3.9269667,131.1105,-1.6509095,-15.000033,-42.03539,2.0239964,14.878108,129.63722,-2.1308908,14.616766,0.88068485,0.09739361,29.793802,-63.910957,5.4426923,-56.289066,77.24385,6.259861,2.0523252,46.56359,-70.4102,5.561884,40.514652,76.31321,1.9350458,-0.13048413,-52.25741
116,-75.13642883300781,18.287384033203125,48.75836944580078,-1.5091666104617145,18.8264011838461,126.77981202891702,-34.66292,-6.593184,-3.904097,131.03275,-2.7022817,-15.000033,-41.365746,1.6892567,14.879129,129.50299,-2.8474386,14.462875,0.7624612,-0.07539463,29.793802,-63.634308,5.412418,-55.95746,77.46206,6.241092,2.2678752,45.248745,-70.11951,5.5677447,40.531033,77.10313,2.4764073,-0.09895575,-51.379383
117,-75.05319213867188,18.21851348876953,48.8830680847168,-1.5565866985244026,18.378002147040835,126.58051873838244,-34.287907,-6.1650305,-3.9192636,130.92497,-3.700954,-15.000033,-40.939857,2.0466735,14.924585,129.30884,-2.792699,14.9227915,0.79196906,0.06115924,29.793802,-63.570015,5.396014,-55.81678,77.97249,5.752504,1.6601609,44.475643,-70.02109,5.593521,40.522507,77.52921,2.5306299,-0.021582844,-50.92962
118,-74.98562622070312,18.135040283203125,48.9836311340332,-1.9242057360134501,17.768343803607177,126.42647955346045,-33.822853,-5.756114,-4.311765,131.08209,-5.493748,-15.000033,-40.494583,1.4100101,14.37281,129.01347,-3.6550958,14.811182,0.7747307,-0.25630033,29.793802,-63.534977,5.420936,-55.748203,78.30203,5.916754,1.9815571,42.75041,-69.778076,5.603834,40.083675,77.46629,2.7448049,0.09960814,-49.675354
119,-74.93731689453125,18.08087921142578,49.03219223022461,-1.5892330677236506,17.22348917708872,126.54476581810121,-33.488018,-5.6592855,-3.8860765,131.02083,-5.3152113,-15.000033,-39.73066,1.2592728,14.656479,128.95255,-4.039716,15.000033,0.7093879,-0.3338015,29.793802,-63.301556,5.4385204,-55.376427,78.180855,5.9991546,2.2976515,41.610336,-69.59431,5.5880976,39.764454,77.77676,3.0587406,0.33551115,-48.96585
120,-74.9084701538086,18.065704345703125,49.05241012573242,-1.5319845163517951,17.16002879700115,126.3894193128359,-33.512962,-5.47379,-3.7063477,131.01166,-5.1538024,-15.000033,-39.766983,0.9643345,14.771613,128.96527,-4.2570195,14.844732,0.76314855,-0.36144683,29.793802,-63.31277,5.460446,-55.275932,78.171555,5.999927,1.9863956,41.99878,-69.53407,5.5754194,39.59558,77.60366,2.9425783,0.15489264,-49.057293
121,-74.90872192382812,18.085758209228516,49.04277801513672,-1.659866086710702,17.18637411435102,126.19798796720458,-33.40101,-5.7105203,-3.818051,130.97568,-5.560935,-15.000033,-39.812645,0.87454236,14.691447,128.9193,-4.8203173,14.963439,0.83667374,-0.44514266,29.749956,-63.29075,5.485601,-55.273865,78.11583,5.8669977,2.0756845,42.093784,-69.40741,5.5687766,39.411793,77.26992,2.9343045,0.12809786,-49.29285
122,-74.92442321777344,18.14188575744629,48.98052978515625,-1.8454827950784278,17.594508765310756,126.05530664021076,-33.63018,-5.8738294,-4.070832,131.02223,-5.7180343,-15.000033,-40.320618,0.7649085,14.472756,128.9826,-4.614204,14.749091,0.92726517,-0.37507924,29.791676,-63.47262,5.500329,-55.398117,77.95357,5.8115087,1.7243975,43.4074,-69.590515,5.5699453,39.425,76.960686,2.7768476,-0.06657829,-50.097584
123,-74.95478057861328,18.215442657470703,48.96846008300781,-1.9130809431520917,18.44777225264487,125.84017352995802,-34.365257,-6.027797,-4.132774,130.88487,-4.823398,-15.000033,-41.20828,0.48952475,14.4007,128.87756,-4.3885307,14.309505,1.034626,-0.2672073,29.793802,-63.759968,5.5168295,-55.811977,77.72838,6.1539803,1.8059721,44.672813,-70.00316,5.5870404,39.758083,76.574135,2.253749,-0.30193976,-50.947056
124,-75.00870513916016,18.265928268432617,48.83926010131836,-1.4765421797882328,18.92399220839572,125.91936339845252,-34.805847,-6.422499,-3.422757,130.79433,-2.7448146,-15.000033,-41.51043,0.5609822,15.000618,129.20946,-4.0780735,14.315998,1.0092525,-0.3021367,29.793802,-63.744,5.5287333,-55.92628,76.99442,6.587456,1.5517949,45.926,-70.132225,5.58517,39.885036,76.10158,1.487416,-0.41258723,-52.249878
125,-75.04158020019531,18.297290802001953,48.74717712402344,-1.759661836339907,19.037702001022136,125.887050478415,-34.937435,-6.7712073,-3.7096314,131.07796,-2.1503954,-15.000033,-41.631527,0.9553538,14.749344,129.32816,-3.744523,14.87698,1.0246459,-0.4619856,29.793802,-63.75723,5.538736,-55.88733,76.74945,6.7058415,1.9165686,46.748924,-70.08192,5.5852036,39.76229,75.80699,1.7534578,-0.29745433,-52.653297
126,-75.04069519042969,18.309240341186523,48.7735710144043,-1.7557256317546037,19.087678402999266,125.96907099996307,-34.943295,-7.0628457,-3.8884406,131.00467,-2.123414,-15.000033,-41.57366,1.1076237,14.736245,129.2189,-3.5796711,14.788366,1.0570197,-0.39836773,29.793802,-63.7555,5.534384,-55.830933,76.623276,6.6986246,2.046782,46.72905,-70.196106,5.5847573,40.07084,76.07758,1.5422503,-0.3211417,-52.55329
127,-75.01329040527344,18.298770904541016,48.829124450683594,-1.9545728185796818,19.131555285070263,125.67926554928245,-34.78473,-7.0492435,-4.089285,130.84375,-3.261943,-15.000033,-41.808857,1.2493633,14.720721,129.12964,-3.7637947,14.246829,1.2171335,-0.2233645,29.793802,-63.8699,5.5284085,-55.738194,77.02985,6.324444,1.7202569,47.32179,-70.33401,5.6063447,40.12501,76.39692,1.7451084,-0.13262007,-52.379303
128,-74.947509765625,18.270769119262695,48.9282341003418,-1.7907842304906365,18.558146763464087,125.7950594589951,-34.556828,-6.7087436,-4.151306,130.9303,-3.9071953,-15.000033,-41.298492,1.3922268,14.8279915,129.11754,-3.7013814,14.232473,1.1144259,-0.21600057,29.793802,-63.67788,5.5001054,-55.708557,77.31774,6.191605,1.507291,46.786385,-70.140175,5.649086,40.596603,76.92566,2.2689917,-0.4119916,-51.7841
129,-74.88900756835938,18.229982376098633,49.05980682373047,-1.4955673212722926,17.918859354896238,126.1208248996467,-34.184673,-6.298197,-3.9831479,130.81517,-4.5680556,-15.000033,-40.67582,1.1950318,14.927398,129.05911,-3.7322657,14.005667,0.93531764,-0.25907946,29.793802,-63.387157,5.4770765,-55.31941,77.333755,5.9814405,1.8789107,45.345806,-69.88992,5.6489244,40.686424,77.4552,2.1801949,-0.20447367,-51.27971
130,-74.83816528320312,18.20252227783203,49.153465270996094,-1.9453607841292488,17.41982719575281,125.9335547047744,-33.611942,-5.898884,-4.5219936,130.86754,-6.2206016,-15.000033,-40.23057,0.71246004,14.226946,128.7028,-4.5275736,14.409845,1.0036844,-0.46571398,29.793802,-63.321247,5.4922605,-55.058514,77.549164,6.1954923,2.3310187,43.104885,-69.611946,5.638606,40.142677,77.36663,2.388009,0.16477594,-49.657482
131,-74.81047058105469,18.214378356933594,49.20037841796875,-1.7534820099839854,17.33385020372824,125.74885813031662,-33.4718,-5.922856,-4.200859,130.64108,-6.324837,-15.000033,-40.03715,0.6454914,14.507974,128.6041,-4.693513,14.388715,1.0685108,-0.4730838,29.729456,-63.203625,5.5017657,-55.042656,77.641884,6.355886,2.272972,42.963398,-69.457375,5.6454687,39.986374,77.33638,2.571638,0.10458276,-49.48144
132,-74.80093383789062,18.252368927001953,49.245147705078125,-1.8253766903128543,17.086049806043476,125.63743194843929,-33.16028,-5.8090854,-4.2768188,130.56339,-6.694343,-15.000033,-39.99604,0.20100223,14.294863,128.60521,-4.942406,14.193551,1.1263787,-0.47184587,29.626808,-62.94833,5.501429,-55.179115,77.8217,6.0441313,2.056423,43.208263,-69.15771,5.6602964,40.067272,77.33489,2.4067822,0.025145113,-49.64534
133,-74.81564331054688,18.3271427154541,49.29792404174805,-1.7983938961819887,17.138713801529743,125.5286197547591,-33.051094,-5.970622,-4.3014946,130.32082,-6.8897414,-15.000033,-40.00625,0.12672687,14.292913,128.48561,-5.0585504,14.174472,1.1842667,-0.47117347,29.631575,-62.836018,5.5059266,-55.27911,77.76413,5.9002423,1.9890668,43.31278,-69.01027,5.687782,40.041077,77.200935,2.4850962,-0.2265949,-49.597553
134,-74.8440170288086,18.447620391845703,49.15532302856445,-1.6926828575072013,18.23353690735665,125.27884645534236,-33.86563,-6.3213387,-4.2987814,130.25336,-6.216222,-15.000033,-40.76894,1.0638363,14.736648,128.6132,-4.579897,14.669131,1.287448,-0.10542481,29.567696,-63.15219,5.5028644,-55.431797,77.45857,6.257837,2.0960934,45.50712,-69.45857,5.729191,40.24876,76.59705,2.0977595,-0.10145161,-51.11062
135,-74.90199279785156,18.529531478881836,49.026432037353516,-1.8320600588446037,18.815946454676947,124.95646251397628,-34.18955,-6.150639,-4.033073,130.29073,-5.530998,-15.000033,-41.287663,1.0766791,14.776823,128.71301,-5.0336223,14.684045,1.4319388,-0.20185329,29.727976,-63.452496,5.5313535,-55.736786,77.248535,6.5724106,1.7671162,46.389973,-69.736725,5.825463,40.394825,75.99398,1.8993134,-0.28289592,-51.468056
136,-74.9469985961914,18.589683532714844,48.98054885864258,-2.2443751469472595,19.487758908480853,125.18900423423409,-34.796383,-6.416053,-4.9108276,130.49841,-5.7998614,-15.000033,-41.878246,0.45162848,13.893245,128.46863,-4.6991787,14.335919,1.2971423,-0.39985287,29.793802,-63.77729,5.5437956,-55.93925,76.737946,6.438822,2.4404361,46.416027,-70.18548,5.832003,40.309803,75.58197,1.9625502,-0.37814677,-51.672554
137,-74.96894836425781,18.611602783203125,48.977508544921875,-2.036920983643922,19.33782223769928,125.11131741392461,-34.679688,-6.701628,-4.508786,130.39676,-4.386856,-15.000033,-41.828747,0.999142,14.403521,128.69717,-3.9765453,14.397978,1.3422168,-0.32841828,29.793802,-63.53988,5.5513177,-55.830086,76.65465,6.7542515,2.091582,47.839787,-69.93262,5.861329,40.397015,75.59617,1.9208121,-0.48218197,-52.324894
138,-74.95881652832031,18.602283477783203,49.02332305908203,-2.0251055509520013,19.56712487717372,125.0638281654048,-34.828876,-6.9975386,-4.603544,130.22206,-4.721094,-15.000033,-42.001278,1.1783547,14.508151,128.55156,-3.9627786,14.16865,1.3727152,-0.23514558,29.793802,-63.677277,5.541219,-55.798775,76.791176,6.4396367,2.0840938,47.894375,-70.20575,5.8914886,40.53448,75.846115,1.8882769,-0.3112672,-52.175518
139,-74.9071044921875,18.54936981201172,49.046688079833984,-2.036761547175164,18.98016289859183,125.16627139462693,-34.447937,-6.7118187,-4.712183,130.42075,-5.175765,-15.000033,-41.57855,1.5036829,14.516416,128.70535,-3.6604934,14.154659,1.3272024,-0.19546673,29.793802,-63.560036,5.512026,-55.59706,77.06828,6.41822,2.1235952,47.811867,-70.111725,5.944045,40.565388,76.58552,2.5652902,-0.20496295,-51.945507
140,-74.83258056640625,18.48089027404785,49.053428649902344,-1.9515718122372399,18.56768117086611,125.24208387358948,-34.11737,-6.374599,-4.777108,130.53542,-6.797795,-15.000033,-41.09008,1.66038,14.622671,128.73567,-4.280473,14.367075,1.2765838,-0.1395133,29.793802,-63.5156,5.4882803,-55.226467,77.22041,5.7191076,2.0896146,46.602585,-70.12331,5.9682417,40.38691,76.96968,3.0816307,0.0005643257,-50.865032
141,-74.75576782226562,18.40024757385254,49.192176818847656,-1.799900822898019,17.964375311498348,125.11899096732829,-33.86671,-6.001478,-4.6533885,130.51459,-7.8228297,-15.000033,-40.70015,1.249693,14.750653,128.64935,-4.558812,14.244925,1.2373453,-0.16330685,29.683546,-63.22069,5.495069,-55.141396,77.45358,6.0435114,1.8183538,45.183353,-69.73731,5.979284,40.311993,77.07595,2.7076778,0.035662256,-49.797016
142,-74.71723937988281,18.316858291625977,49.3798942565918,-2.1858081746600386,17.313944081085204,124.92862707703588,-33.335484,-5.6826878,-4.8540883,130.43062,-9.016311,-15.000033,-40.2472,0.944042,14.247634,128.22037,-5.425109,14.478163,1.2513722,-0.37059852,29.702288,-63.089046,5.5132947,-55.163235,77.952446,5.935875,2.1306317,44.116474,-69.42594,5.987993,40.107277,77.24993,3.2808976,-0.14307266,-48.818302
143,-74.70333862304688,18.267719268798828,49.44261169433594,-2.0943127458388506,17.2228230357852,124.67770619023393,-33.35458,-5.5564084,-4.4241605,130.2945,-8.613248,-15.000033,-40.384907,0.26823077,14.358913,128.17703,-5.758144,14.163256,1.3234278,-0.42349955,29.586449,-62.961132,5.5419774,-55.160843,78.06513,5.752118,1.7789634,43.966686,-69.25701,5.997236,39.82516,77.10434,3.1733716,-0.02231422,-48.416798
144,-74.70634460449219,18.2633113861084,49.406951904296875,-2.181158401563135,17.539155742979172,124.45031249065919,-33.616894,-5.7930827,-4.470958,130.3131,-8.82277,-15.000033,-40.758743,0.16298687,14.343413,128.17665,-5.67736,14.237939,1.4123542,-0.42985797,29.547338,-63.128777,5.549813,-55.163845,78.01168,5.6883836,2.1353729,44.66779,-69.384834,6.001618,39.80065,76.83773,2.7241037,0.07323563,-49.083725
145,-74.72933197021484,18.276330947875977,49.352500915527344,-2.384915072891773,17.81242607288587,124.17391179018152,-33.818066,-6.001343,-4.6071076,130.40857,-8.824398,-15.000033,-41.116272,0.12052562,14.277053,128.20499,-6.32977,14.180614,1.500317,-0.4153764,29.571562,-63.26987,5.5680747,-55.396828,78.01764,5.8216395,2.2951577,45.44824,-69.48148,6.0223465,39.83254,76.415726,2.7499533,-0.051296696,-49.760517
146,-74.76103210449219,18.302059173583984,49.3429069519043,-2.4269790499978514,18.592412048362927,123.88821542457725,-34.417477,-6.243741,-4.5757046,130.20056,-8.397498,-15.000033,-41.97768,-0.5817931,14.255039,128.07172,-6.824601,13.494578,1.5555706,-0.4613951,29.531427,-63.51006,5.601911,-55.815125,77.836624,6.192586,1.9464682,45.90309,-69.834366,6.054237,39.990147,75.92214,2.2454104,-0.23955537,-50.267784
147,-74.78180694580078,18.320207595825195,49.224273681640625,-2.5729043440396326,19.11477402302437,123.93508781946575,-34.847324,-6.6056337,-4.870275,130.38622,-8.006479,-15.000033,-42.279835,-0.25887084,14.130937,128.11348,-6.60857,13.8792715,1.5286531,-0.43972266,29.57659,-63.78697,5.620769,-55.835514,77.40558,6.1563764,2.3893218,46.883183,-70.20623,6.05395,40.0125,75.47765,2.2952504,-0.22959661,-50.582264
148,-74.78775787353516,18.299766540527344,49.16637420654297,-2.58032383212315,19.017416054611637,123.94545035391411,-34.799793,-6.971879,-4.788323,130.52083,-7.2639,-15.000033,-42.142075,-0.021886718,14.2021475,128.23955,-5.979943,14.176634,1.5327858,-0.47246364,29.65584,-63.8046,5.657245,-55.84309,77.24623,6.070718,2.4120574,47.455868,-70.27771,6.0458746,40.09183,75.47778,2.1602955,-0.29197535,-50.976723
149,-74.75508117675781,18.25179100036621,49.17909240722656,-2.2133513417396427,18.749011401252915,124.08209675932976,-34.641712,-7.1297884,-4.426107,130.42682,-6.8200574,-15.000033,-42.00242,0.19361955,14.732074,128.51794,-5.7624397,13.768359,1.4746362,-0.28987506,29.68998,-63.65184,5.665852,-55.82833,77.284004,6.0048456,1.5421103,48.46749,-70.30525,6.0490723,40.44158,76.02888,2.0152047,-0.39416638,-51.421837
150,-74.69155883789062,18.17868995666504,49.16038131713867,-2.1204800851108394,18.53464226878397,124.21595311503792,-34.58544,-6.8026285,-4.3756876,130.59557,-7.757812,-15.000033,-41.77808,0.5161109,14.885857,128.64421,-5.9086976,13.896964,1.4566168,-0.22404441,29.666718,-63.699398,5.6717176,-55.490303,77.20282,5.903904,1.6365192,48.128403,-70.422585,6.0444174,40.324203,76.55681,2.2050881,-0.16448557,-51.123474
151,-74.61437225341797,18.070310592651367,49.24755859375,-2.3264096301212716,17.792417354439884,124.4652388416681,-34.125175,-6.2349114,-4.7757316,130.83914,-8.924304,-15.000033,-41.133663,0.11042341,14.337263,128.49301,-6.8362336,14.057251,1.2753936,-0.4217677,29.621244,-63.471447,5.69967,-55.286144,77.13647,5.8367305,1.9153073,45.26179,-70.16424,5.997123,40.078777,76.747635,2.5206642,-0.17899483,-49.639305
152,-74.5421142578125,17.97229766845703,49.26795196533203,-2.136772292041486,17.25890342167627,124.48553214419402,-33.760113,-6.161336,-4.527704,130.87997,-9.572767,-15.000033,-40.704533,0.24825303,14.640935,128.65463,-6.955597,14.122642,1.2152903,-0.36976373,29.553015,-63.284122,5.728269,-55.213135,77.256065,5.5206456,1.7289802,44.681248,-69.98299,5.9581523,40.036594,77.05649,2.5183272,-0.10088437,-49.53549
153,-74.49652862548828,17.879850387573242,49.332313537597656,-2.0901927356905596,16.743167657462948,124.35250836338682,-33.29814,-6.1231756,-4.253609,130.77376,-9.990545,-15.000033,-40.451233,-0.14812113,14.733021,128.69179,-7.384398,13.674959,1.257003,-0.33883423,29.535652,-63.101635,5.7560782,-55.2127,77.51439,5.3747735,1.3727493,45.07539,-69.7421,5.9176865,39.980293,77.25371,2.6375113,-0.33745086,-49.133724
154,-74.47991943359375,17.81144142150879,49.372135162353516,-2.0882545869058107,16.394549523220935,124.35200292963992,-33.200138,-6.272709,-4.176355,130.85632,-9.85817,-15.000033,-40.456444,-0.6505263,14.660497,128.81972,-7.8874483,13.499957,1.2395132,-0.3661976,29.516186,-62.96032,5.773193,-55.12034,77.50799,5.2702703,1.4785702,44.977142,-69.545944,5.877921,39.906506,77.305405,2.2357252,-0.33228424,-49.45009
155,-74.52495574951172,17.769113540649414,49.2418212890625,-1.7310539395106477,16.806755770443665,124.0208433322831,-33.554066,-6.4259152,-2.9631884,130.74135,-8.562642,-15.000033,-40.872997,-1.0536206,15.34078,129.0836,-8.039644,13.747908,1.3413013,-0.6017254,29.53951,-63.202847,5.810455,-55.372875,77.42882,5.563019,0.50254244,45.992012,-69.6617,5.8647456,39.7971,76.73064,1.9669193,-0.50978917,-49.94161
156,-74.54251098632812,17.77667808532715,49.188987731933594,-2.0775882088720916,17.232869815009202,123.86631349823276,-33.91935,-6.4798784,-3.431399,130.93855,-8.311538,-15.000033,-41.361954,-0.55720896,15.136781,129.08484,-7.471289,13.718241,1.3659254,-0.37555057,29.532434,-63.35899,5.8287983,-55.47749,77.24799,5.821211,0.8309988,47.34095,-69.8975,5.854233,39.69636,76.43982,1.9849372,-0.46862468,-50.644535
157,-74.56809997558594,17.79576301574707,49.171226501464844,-2.6022270612775515,18.079351540595304,123.99355561934098,-34.692734,-6.584959,-4.620221,131.13759,-9.005211,-15.000033,-42.088715,-0.21285734,14.444126,128.80612,-7.232234,13.914982,1.2670585,-0.2829894,29.505716,-63.75708,5.8429623,-55.441414,76.77002,5.949424,1.7799541,46.824303,-70.46013,5.8016796,39.72825,76.109665,1.8144904,-0.63425714,-50.842598
158,-74.6134033203125,17.78200340270996,49.10790252685547,-2.669187894675888,18.439011437020877,123.93773230352238,-35.07521,-6.9035006,-4.6522164,131.25542,-8.605347,-15.000033,-42.486885,-0.7233822,14.353215,128.81215,-7.1592474,13.615052,1.3022797,-0.38039166,29.597622,-63.956707,5.857146,-55.367863,76.3721,5.9669795,2.067003,47.142494,-70.71243,5.7306867,39.88976,75.78515,1.5513417,-0.6473314,-51.575222
159,-74.6326675415039,17.752153396606445,49.041236877441406,-2.808816823746949,18.4755647061689,123.80152230971025,-35.071304,-7.1060104,-4.638495,131.3883,-8.209908,-15.000033,-42.398716,-0.2902844,14.43368,128.83412,-7.0874143,14.094701,1.3307444,-0.43554956,29.62763,-64.000786,5.887948,-55.409153,76.20468,6.1911736,2.0963492,47.38945,-70.70029,5.653933,39.696594,75.40315,1.7097945,-0.5407537,-51.431942
160,-74.60791778564453,17.699857711791992,49.0876350402832,-2.8569214200365836,18.341511840096306,123.80049979197358,-35.018745,-6.994798,-4.7421823,131.39607,-8.912442,-15.000033,-42.404587,-0.4117309,14.3758335,128.79924,-7.3082166,13.739757,1.3390596,-0.38421127,29.658554,-64.00157,5.8924522,-55.585747,76.32654,6.1647367,1.7478505,47.49669,-70.81037,5.6128774,39.89518,75.79202,1.9198946,-0.6820332,-51.338043
161,-74.55238342285156,17.630033493041992,49.03800964355469,-3.00891337927521,18.02332704077849,123.82419016248534,-34.73812,-6.8801284,-4.9692917,131.64612,-9.542869,-15.000033,-42.064358,0.2986786,14.405525,128.93405,-7.5684347,14.060471,1.3753752,-0.30832982,29.693693,-64.06467,5.8972926,-55.23921,76.31132,6.2336726,1.7924964,47.27852,-70.788345,5.5670233,39.923065,75.99532,2.5264032,-0.71712965,-50.444683
162,-74.47185516357422,17.54611587524414,49.083351135253906,-2.3147341780754656,17.269644597741806,124.13300379902175,-34.33241,-6.777203,-4.189645,131.55739,-9.046409,-15.000033,-41.30162,0.814028,15.279116,129.2957,-6.983923,14.246853,1.2303199,-0.1375979,29.73437,-63.63116,5.8942466,-54.874096,76.170296,6.1581054,1.1544094,46.526234,-70.46329,5.5114727,39.822563,76.45123,2.2563186,-0.7815784,-50.273163
163,-74.39290618896484,17.458763122558594,49.07051467895508,-2.3944190363947273,16.710866173431224,123.85600344993065,-33.929207,-6.4385657,-4.071085,131.79242,-9.573205,-15.000033,-40.89466,1.0475992,15.400056,129.39598,-7.103816,14.422779,1.3378464,-0.0762752,29.606054,-63.422577,5.9268556,-54.73119,76.32716,6.2050695,0.9205483,45.555035,-70.07289,5.4674444,39.625748,76.343666,2.0466506,-0.692032,-49.665066
164,-74.340576171875,17.3737735748291,49.14036178588867,-2.617162303749857,16.405527765887193,123.94457044867869,-33.766823,-6.1932926,-4.3523693,131.87964,-10.581244,-15.000033,-40.91728,0.18563507,14.8220625,129.29654,-7.784538,14.090181,1.2991797,-0.21160261,29.578743,-63.37552,5.9605646,-54.56011,76.36419,6.2455983,1.228559,44.77813,-69.99713,5.382122,39.421448,76.45183,2.0935593,-0.63957214,-48.907784
165,-74.31848907470703,17.317859649658203,49.068538665771484,-2.5822044698383615,16.371887478912917,123.78116380573076,-33.705475,-6.46268,-4.170296,131.95795,-10.883904,-15.000033,-41.06861,-0.16481563,14.944082,129.50793,-8.103598,13.856845,1.3730936,-0.19377556,29.585932,-63.436527,5.977326,-54.502453,76.29771,6.084333,1.161336,44.929684,-70.02962,5.3446817,39.29774,76.260506,1.8658144,-0.62867516,-49.113808
166,-74.32840728759766,17.281814575195312,49.028472900390625,-2.6923237813889904,16.434608993442207,123.72978557026742,-33.922993,-6.6330333,-4.21076,132.15796,-10.382246,-15.000033,-41.29536,-0.33527058,14.842593,129.60506,-7.7559843,13.817537,1.3778411,-0.24838667,29.619244,-63.529266,6.001843,-54.3985,76.085014,5.9739428,1.7812378,45.592926,-70.07043,5.2774787,39.159115,75.98115,1.818983,-0.40130568,-49.497814
167,-74.35108184814453,17.28134536743164,48.949501037597656,-2.4744084135134545,16.897828999393386,123.7152771472708,-34.537895,-6.857871,-3.9908626,132.26845,-9.657335,-15.000033,-41.608032,0.43262187,15.389722,129.79655,-7.1454825,14.251153,1.2967162,-0.045907725,29.651365,-63.66313,6.008982,-54.584816,75.76842,6.4204874,1.6773858,46.990566,-70.23433,5.218088,39.2512,75.47682,1.1402044,-0.45606965,-50.73867
168,-74.4127426147461,17.273529052734375,48.889286041259766,-2.6492960058360158,17.78757755128507,123.34876209047344,-35.309547,-6.872054,-3.7507243,132.21927,-8.5302,-15.000033,-42.453434,0.5609708,15.469116,129.67818,-6.803032,14.399394,1.4123608,-0.07760751,29.793802,-64.21334,6.0275793,-54.954815,75.61984,6.76375,1.2317073,48.119358,-70.82371,5.189097,39.54595,74.91131,0.7804257,-0.96783733,-51.533394
169,-74.46440887451172,17.24050521850586,48.76897048950195,-3.0978607239701685,18.200454854269523,123.59256795441702,-35.74581,-7.2842,-4.5975623,132.66563,-9.319053,-15.000033,-42.972527,-0.20849775,14.682618,129.70084,-7.250882,14.132145,1.3343837,-0.24207297,29.793802,-64.45215,6.0248137,-54.76543,74.95378,6.4907684,1.9761698,47.28138,-71.22445,5.070847,39.361305,74.74365,1.0580868,-0.8436274,-51.420513
170,-74.49830627441406,17.194438934326172,48.708595275878906,-3.1220085386354186,18.447295715355335,123.50230554777933,-36.020847,-7.711118,-4.4788795,132.74855,-8.963924,-15.000033,-43.200294,-0.104547836,14.837461,129.743,-6.7557545,14.244971,1.4063628,-0.26960486,29.793802,-64.59192,5.9993663,-54.784508,74.73372,6.635891,2.0874505,48.011383,-71.37165,4.978555,39.494926,74.619576,1.058409,-1.062442,-51.77716
171,-74.49044799804688,17.120073318481445,48.70018768310547,-3.0132673544325743,18.30209513084216,123.65601587984604,-36.083935,-7.5001793,-4.26025,132.8621,-8.833619,-15.000033,-42.97546,0.059920214,15.008638,129.80238,-6.7949553,14.486719,1.2943704,-0.34734437,29.793802,-64.53713,5.9751716,-54.890408,74.60742,6.6953793,1.9733987,47.739544,-71.4111,4.8990455,39.420876,74.804085,1.2380981,-0.8961728,-51.726624
172,-74.4307632446289,17.037939071655273,48.7795295715332,-3.023897600312679,18.191216469556267,123.72565836462196,-36.16523,-7.2207127,-4.485199,132.8892,-9.592456,-15.000033,-42.858917,0.3028106,15.052776,129.65492,-7.06128,14.255099,1.253823,-0.25625432,29.793802,-64.629,5.9501724,-54.830822,74.82569,6.4757013,1.7979144,47.5931,-71.58337,4.851844,39.62265,75.29665,1.6704786,-0.8792011,-51.0323
173,-74.3445053100586,16.93575668334961,48.79731750488281,-3.1175656763484128,17.447088547121364,123.75487051223374,-35.725304,-6.881914,-4.611604,133.19385,-10.220221,-15.000033,-42.31187,0.60188526,14.979177,129.80113,-7.3406754,14.705438,1.2864243,-0.2751809,29.793802,-64.45335,5.923886,-54.458046,75.02396,6.390811,1.9162453,46.574306,-71.22106,4.772986,39.37293,75.49167,1.9069575,-0.5965934,-50.17587
174,-74.24786376953125,16.841262817382812,48.94902420043945,-2.8295163386564517,16.670041460695803,123.96082520204742,-35.177315,-6.8089757,-4.3429394,132.98398,-10.237227,-15.000033,-41.6749,0.64841455,15.175191,129.79227,-7.110491,14.911115,1.2164204,-0.22219999,29.793802,-64.10234,5.912454,-54.16987,75.15923,6.3958883,1.9463985,44.910496,-70.93206,4.733601,39.171047,76.18668,1.6229792,-0.34818414,-49.53234
175,-74.15579223632812,16.771953582763672,48.92668151855469,-2.6280127316607946,16.193988720525635,124.07056427103879,-34.80203,-6.7260256,-4.1622267,133.06235,-10.515623,-15.000033,-41.374126,0.49148303,15.337977,130.0737,-7.230952,14.559842,1.1258678,-0.24115852,29.793802,-63.988274,5.909507,-54.092873,75.320404,5.7793064,1.841697,44.69248,-70.79503,4.7176085,39.1055,76.327835,1.8616171,-0.29711956,-49.400394
176,-74.08622741699219,16.73564338684082,48.9244270324707,-2.4331354055778505,15.784980189128587,124.17300145536352,-34.431274,-6.7241488,-3.9489348,133.04431,-10.609059,-15.000033,-41.037422,0.26258838,15.43548,130.23466,-7.2417197,14.360354,1.1237354,-0.18642658,29.793802,-63.827812,5.88888,-53.81447,75.3346,5.645523,2.0199132,44.28643,-70.58225,4.650454,38.940105,76.41003,1.9851878,-0.2554645,-49.21388
177,-74.0541763305664,16.735349655151367,48.935760498046875,-2.43040767287266,15.658915603711927,124.00473732989029,-34.322575,-6.776288,-3.8508165,133.01173,-10.337664,-15.000033,-41.289173,-0.32329273,15.363471,130.38977,-7.378431,13.880862,1.17054,-0.15975699,29.793802,-63.72825,5.8844414,-53.884396,75.43329,5.7344785,1.5756085,44.69849,-70.39614,4.6359677,38.924923,76.12204,1.5722662,-0.25677603,-49.1681
178,-74.0869369506836,16.76912498474121,48.756103515625,-1.9906408084153129,16.004108605879605,123.8790671832127,-34.48345,-7.083931,-2.8099055,132.92226,-8.917295,-15.000033,-41.433647,-0.32093596,16.096302,130.78325,-7.584425,14.023481,1.254036,-0.27876648,29.793802,-63.832478,5.8810263,-54.03505,75.09737,5.7478876,1.0095774,45.419044,-70.45305,4.620289,39.018017,75.58621,1.3140953,-0.3212494,-49.554436
179,-74.09517669677734,16.85872459411621,48.68516540527344,-2.300821754261672,16.58363950886982,123.75178268083499,-35.04207,-7.055305,-3.5601208,133.20598,-9.1218,-15.000033,-42.183353,-0.031451833,15.7804,130.89,-6.875815,13.631748,1.2813271,0.014070174,29.793802,-63.967247,5.8744893,-54.169563,74.83197,6.234595,1.1804835,46.671936,-70.610596,4.6016417,39.00939,75.03484,1.0696099,-0.60613656,-50.59848
180,-74.14959716796875,16.947202682495117,48.62057113647461,-2.6539804063294734,17.393306010555683,123.44071750691275,-35.604877,-7.2261705,-3.9934535,133.24777,-9.28232,-15.000033,-43.040707,-0.19541276,15.436879,130.77402,-6.726339,13.449697,1.4294273,-0.008827264,29.793802,-64.231445,5.869506,-54.536068,74.56064,6.424371,1.190191,47.841866,-70.894554,4.6019588,39.260124,74.31273,0.72888845,-0.6377659,-51.47408
181,-74.2064437866211,17.0238094329834,48.66588592529297,-2.8820014641946763,17.929104781223298,123.73793446467768,-36.11082,-7.506018,-4.688791,133.21875,-9.179927,-15.000033,-43.306046,-0.29629895,14.867661,130.43082,-6.859344,13.6555,1.3219206,-0.055253346,29.793802,-64.34565,5.8223677,-54.553234,74.18105,6.4968705,1.9200193,47.588707,-71.23473,4.551868,39.41287,74.39521,0.67121863,-0.9692576,-51.761898
182,-74.24796295166016,17.083105087280273,48.58230972290039,-2.7905415903323285,18.26944367777079,123.725931468046,-36.308613,-7.6256332,-4.531228,133.21248,-8.610166,-15.000033,-43.259594,0.033696923,15.079049,130.42732,-6.84592,14.098903,1.2890353,-0.01256084,29.793802,-64.38527,5.7786613,-54.6946,74.01628,6.399899,1.9879224,48.07705,-71.35717,4.5337715,39.439106,74.17444,0.68622255,-0.7623277,-52.00748
183,-74.25685119628906,17.110822677612305,48.62809753417969,-2.511665807845358,18.113937356642925,123.63006857994729,-36.078957,-7.677419,-4.0261154,132.91887,-7.541109,-15.000033,-43.095264,0.56653273,15.614587,130.52242,-5.93305,14.041839,1.3748747,0.18973954,29.793802,-64.15292,5.7162843,-54.874546,74.20582,6.491268,1.2102953,49.59892,-71.1906,4.5519056,39.75809,74.510925,0.6439316,-0.9243566,-52.51573
184,-74.22628784179688,17.103485107421875,48.585086822509766,-2.8616706587100373,18.148548965234035,123.72978265607621,-36.02541,-7.4681993,-4.7431793,133.18703,-9.310109,-15.000033,-43.05598,0.35166875,15.051786,130.4201,-6.909147,13.8716755,1.3631473,0.088360675,29.793802,-64.36125,5.662191,-54.787678,74.191795,6.390063,1.9546884,47.825867,-71.459015,4.555636,39.719124,74.823425,1.2021263,-0.6934752,-51.72936
185,-74.16053009033203,17.07550621032715,48.597145080566406,-2.6583366512560485,17.53327113061823,123.69221909353318,-35.307995,-7.2883782,-4.4583454,133.06964,-9.667089,-15.000033,-42.437313,1.390394,15.539009,130.68204,-6.4544945,14.459406,1.4362293,0.32991585,29.793802,-64.05359,5.613359,-54.61057,74.47412,5.902334,0.872806,48.02812,-71.085594,4.574894,39.76469,75.17565,1.3239255,-0.84316957,-51.433483
186,-74.07808685302734,17.025880813598633,48.59330749511719,-2.6141576761930905,16.914808894051625,123.64307228581367,-34.701015,-6.9350476,-4.4954243,133.18588,-10.744031,-15.000033,-41.821716,1.6839445,15.659042,130.78302,-6.4070063,14.52321,1.457306,0.44020087,29.793802,-63.865612,5.5863166,-54.383125,74.69647,5.764522,0.69974387,46.910355,-70.83293,4.586355,39.669643,75.44381,1.7798567,-0.8877057,-50.481316
187,-74.02133178710938,16.952152252197266,48.66767120361328,-2.6290945816285887,16.186661884510755,123.95756182219641,-34.204346,-6.6149735,-4.647101,133.29341,-11.485413,-15.000033,-41.31148,0.7423543,15.224468,130.77106,-7.024559,14.025819,1.2954725,0.2362089,29.789167,-63.643482,5.573698,-54.283436,74.74976,5.6686115,0.74628854,45.627205,-70.639885,4.5634937,39.602234,75.92736,1.8458662,-0.91445184,-49.133266
188,-73.99820709228516,16.903194427490234,48.51495361328125,-2.3114592399637437,15.74615556591504,123.89822653401069,-33.711628,-6.6067405,-3.8401785,133.41414,-10.5228815,-15.000033,-40.99172,0.57021946,15.757216,131.30618,-7.06107,13.7447405,1.3553543,0.22902216,29.60058,-63.31921,5.5693035,-54.124195,74.54761,5.839724,0.5115551,45.287735,-70.176125,4.5542784,39.4771,75.845276,1.7701626,-1.0471867,-49.634766
189,-74.00326538085938,16.886539459228516,48.521629333496094,-2.187539936404335,15.548831536955944,124.12403623859508,-33.653893,-6.409588,-3.5253115,133.43852,-9.795801,-15.000033,-40.76358,0.29548487,15.721621,131.34065,-6.7886295,13.793316,1.2324083,0.041622885,29.563362,-63.174656,5.564509,-54.113667,74.36134,5.976336,0.23054726,45.20476,-70.06041,4.5353284,39.447052,75.96652,1.7631401,-1.1041607,-49.214905
190,-74.02399444580078,16.923511505126953,48.46604919433594,-2.1779982002501543,15.749645600521339,123.9999760118747,-33.717525,-6.435916,-3.5551834,133.4487,-10.018854,-15.000033,-40.964806,0.010439425,15.764868,131.40434,-6.841947,13.395439,1.2867702,0.12508366,29.560104,-63.16482,5.558362,-53.99156,74.12301,5.921419,0.26504436,45.448723,-70.06105,4.5009627,39.271095,75.59501,1.4158075,-1.0210207,-49.40975
191,-74.09366607666016,16.997684478759766,48.37824249267578,-2.34111400756515,16.493497974796234,123.87163427616677,-34.273075,-6.6767683,-3.6736994,133.4729,-9.776849,-15.000033,-41.634613,0.11832,15.677731,131.4285,-6.9806485,13.568254,1.3136715,0.065000296,29.61075,-63.45658,5.551264,-54.06868,73.752396,6.098333,0.5687701,46.555737,-70.36109,4.4924936,39.271805,74.99618,1.3115149,-0.77031267,-50.156612
192,-74.18119049072266,17.09137535095215,48.400272369384766,-2.6894319032274296,17.145553515732157,123.51307852422983,-34.692497,-6.93145,-4.016541,133.33238,-9.74083,-15.000033,-42.417152,-0.12909718,15.378894,131.2042,-7.0914235,13.2750435,1.4751209,0.1062611,29.725378,-63.617527,5.5353284,-54.369263,73.60436,6.1423717,0.44404382,47.701954,-70.58923,4.503237,39.256935,74.504295,1.1662112,-0.8431467,-51.008465
193,-74.27613830566406,17.19655418395996,48.33983612060547,-2.600573964375417,17.75862412030679,123.78115239124554,-35.413506,-7.4010425,-4.1778965,133.42354,-8.2999115,-15.000033,-42.683537,0.22472519,15.422773,131.19077,-6.29399,13.495561,1.278086,0.10934366,29.793802,-63.658882,5.473453,-54.762066,73.17731,6.1698923,0.50298333,49.226337,-70.88771,4.4991746,39.571865,74.19946,0.97068775,-0.8881119,-52.132458
194,-74.3570327758789,17.290224075317383,48.32040786743164,-3.047842188456572,18.259826927761143,123.53454783659406,-35.706528,-7.654306,-4.757815,133.47374,-8.220467,-15.000033,-43.116463,0.44830728,14.995138,130.97075,-6.2890325,14.01178,1.4255217,0.114454925,29.793802,-63.68787,5.425909,-54.682377,72.70849,6.58102,1.3585076,49.468933,-70.83133,4.4712276,39.307556,73.37915,0.57936054,-0.7595578,-52.86458
195,-74.42339324951172,17.3612003326416,48.21344757080078,-3.033898681118669,18.781748587161456,123.53802037923424,-36.061493,-7.931351,-4.6931105,133.50188,-7.314837,-15.000033,-43.14219,1.0858713,15.157126,130.9299,-5.958615,14.691302,1.4097437,0.18930803,29.793802,-63.810055,5.3597355,-54.728317,72.39312,6.543642,1.5901352,50.12839,-71.040726,4.4461803,39.32718,73.03387,0.65286446,-0.8728282,-53.2628
196,-74.45478820800781,17.38376235961914,48.221500396728516,-3.039545614371638,18.916463781520058,123.5135340804265,-36.176815,-7.9003873,-4.5780387,133.43733,-7.025432,-15.000033,-43.271454,1.0450962,15.185504,130.89458,-5.6102123,14.449017,1.4257157,0.13207307,29.793802,-63.80121,5.3446345,-54.712494,72.32641,6.798347,1.554923,50.335823,-71.057625,4.4423876,39.282722,73.059654,0.98412234,-0.8844183,-53.10322
197,-74.43502044677734,17.366479873657227,48.25592803955078,-2.980365300131654,18.66497434496652,123.57543142026448,-35.928352,-7.990291,-4.6775436,133.40338,-7.650917,-15.000033,-42.95622,1.371714,15.358079,130.86668,-5.7368274,14.245022,1.4286805,0.21875225,29.793802,-63.752872,5.2520638,-54.577045,72.601234,6.4552836,1.5861896,50.029,-71.06992,4.4447756,39.515713,73.644585,1.152263,-0.82615036,-52.902367
198,-74.372314453125,17.312414169311523,48.270137786865234,-2.8375717993295115,18.406809305228702,123.78331446692646,-35.66887,-7.883691,-4.8273554,133.40215,-9.275964,-15.000033,-42.53173,1.5746909,15.467697,130.88449,-6.204266,14.298124,1.3554385,0.26877332,29.793802,-63.800514,5.168029,-54.56271,73.006676,6.084382,1.1488172,49.70456,-71.21004,4.450326,39.67247,74.3976,1.3860362,-0.7096805,-52.212196
199,-74.28990936279297,17.21436882019043,48.34052658081055,-2.9610507051515147,17.775042969941435,123.76062875877697,-35.089775,-7.2808166,-4.9059577,133.4405,-10.415696,-15.000033,-41.941788,1.9447515,15.351825,130.81871,-6.632759,14.809627,1.3766059,0.31702003,29.793802,-63.784878,5.0579433,-54.556225,73.645386,5.868656,0.9327466,48.988163,-71.09733,4.466601,39.94067,75.05968,1.8284123,-0.7220281,-51.336525
200,-74.20389556884766,17.089860916137695,48.34400939941406,-2.7010540330002186,16.975480113171148,123.78343520532003,-34.454647,-7.1664553,-4.564512,133.50912,-11.230214,-15.000033,-41.13591,1.9535749,15.788007,130.98485,-7.4079065,14.777821,1.3351347,0.28383383,29.775234,-63.611168,5.0264983,-54.469906,73.960884,6.1103578,0.76717067,46.86441,-70.87439,4.463247,39.88223,75.514786,1.7491904,-0.54365784,-50.180504
201,-74.1260757446289,16.960248947143555,48.473628997802734,-2.7830523783084424,16.348090898364763,124.00792620524477,-34.104652,-6.6991105,-4.785029,133.5575,-11.861731,-15.000033,-40.714973,1.4629687,15.446464,130.81935,-7.6698976,14.296357,1.1485479,0.15989609,29.631474,-63.462364,4.9897203,-54.349037,74.43436,5.76588,1.1159488,45.75138,-70.7022,4.447634,39.878685,76.21718,2.159282,-0.6483814,-49.014404
202,-74.10741424560547,16.836519241333008,48.330955505371094,-2.437437316555207,15.874097921316576,123.9545576036791,-33.740524,-6.6054583,-3.58832,133.7009,-10.424073,-15.000033,-40.419895,0.9327146,15.971568,131.32332,-7.751957,14.139388,1.2108296,0.02399444,29.482292,-63.27672,4.9678245,-54.338432,74.28031,5.945063,0.56256133,45.68905,-70.38368,4.42801,39.860043,76.19517,1.9092911,-0.72838986,-49.053726
203,-74.07854461669922,16.76161003112793,48.4499626159668,-2.563102703945979,15.342717806456463,123.88854489761422,-33.47908,-6.2268715,-3.6748583,133.7417,-10.966974,-15.000033,-40.33219,0.3659627,15.751095,131.25435,-8.128538,13.650552,1.154834,-0.032303456,29.358057,-62.923443,4.962741,-54.257126,74.451866,6.4370008,0.62528765,45.12614,-69.8682,4.4110413,39.72829,76.11647,1.6108902,-0.8083783,-48.585987
204,-74.08857727050781,16.74679183959961,48.46321105957031,-2.631508996918146,15.306783212255809,123.89027361588583,-33.417633,-6.40104,-3.8289654,133.73117,-11.26584,-15.000033,-40.253757,0.63768166,15.730422,131.2103,-8.048657,14.007655,1.1712408,0.07602805,29.331238,-62.860516,4.934792,-54.04309,74.40306,6.580582,0.788975,45.31592,-69.84668,4.369312,39.45613,76.22199,1.5034411,-0.6761363,-49.1896
205,-74.16099548339844,16.7664737701416,48.40013122558594,-2.499237105898612,15.931074283558306,123.94995196167365,-33.98603,-6.7531743,-3.5022733,133.6507,-10.414773,-15.000033,-40.70724,0.062479027,15.827953,131.17891,-8.322008,13.795834,1.0806783,-0.18047306,29.432653,-63.143673,4.9047837,-54.231026,74.04973,6.3892074,0.78307915,46.024746,-70.22698,4.3294253,39.466564,75.799965,1.6599203,-0.6498713,-49.499634
206,-74.23016357421875,16.835237503051758,48.48175811767578,-2.6787741887497103,16.600959027103873,123.65622639925368,-34.576504,-6.5505085,-3.534958,133.4195,-10.158743,-15.000033,-41.26912,0.4891317,15.778686,130.83972,-8.045585,14.429245,1.1532928,-0.116959445,29.56133,-63.344303,4.8786693,-54.565937,73.99822,6.4654856,0.41667873,47.186337,-70.46103,4.3041487,39.347134,75.24647,1.3061563,-0.7055937,-50.261913
207,-74.3297348022461,16.90439224243164,48.4935417175293,-2.5461789032489768,17.37959651289479,123.87335916066702,-35.565266,-6.860039,-3.418742,133.3587,-8.6500435,-15.000033,-41.923054,0.3592956,15.8237,130.73581,-7.529981,14.443478,1.0247432,-0.21481414,29.752617,-63.60054,4.820119,-54.780807,73.468414,6.51708,0.47204834,47.844254,-70.954796,4.239289,39.574463,74.9638,0.9970322,-0.9311196,-51.160954
208,-74.40481567382812,16.977069854736328,48.510440826416016,-3.131242052635848,18.386492646233393,123.81558371844568,-36.44931,-7.2758765,-4.5754123,133.43645,-9.070779,-15.000033,-42.78084,0.24514948,15.052416,130.2478,-7.59533,14.374354,1.0134642,-0.21296771,29.790411,-64.00252,4.736519,-54.641144,73.087906,6.4581776,1.9654841,47.697628,-71.45609,4.1510477,39.32048,74.366,0.92516625,-0.5554059,-51.664886
209,-74.45999908447266,17.01094627380371,48.5523796081543,-3.2751451081969623,18.637294912754843,123.55969796137802,-36.684402,-7.367022,-4.5702505,133.3398,-8.868538,-15.000033,-42.98388,0.42431447,15.073263,130.04028,-7.614056,14.551287,1.0840652,-0.22950718,29.793802,-64.043495,4.6780496,-54.77306,73.19889,6.450819,2.1995637,48.69479,-71.336006,4.106927,39.203697,73.863914,1.127936,-0.7409507,-52.05749
210,-74.48760223388672,17.00106430053711,48.55986785888672,-3.0589590981667962,18.649061461409733,123.65550246643707,-36.858784,-7.664405,-4.257366,133.30257,-8.281782,-15.000033,-42.876194,0.23763852,15.277952,130.01944,-7.2921486,14.685145,1.0604945,-0.3301851,29.793802,-64.01251,4.597565,-54.860043,73.243454,6.2139945,1.9728577,48.833378,-71.35964,4.0553956,39.466972,73.99229,1.3815563,-0.7813953,-51.92665
211,-74.46456146240234,16.960195541381836,48.70063781738281,-2.878213318485206,18.223627887697685,123.7007388424152,-36.522118,-7.733637,-4.0569124,133.01514,-7.943302,-15.000033,-42.479828,1.3236959,15.790575,130.00066,-6.4186215,14.729119,1.0875255,-0.06139226,29.793802,-63.772945,4.4787717,-54.811253,73.6862,6.6364665,1.3663576,50.028805,-71.10945,4.0370297,39.714737,74.67893,1.2014308,-0.89465636,-52.25452
212,-74.41846466064453,16.877347946166992,48.61249542236328,-2.8756934514645125,17.908630551795433,123.82483439259043,-36.27327,-7.790041,-4.1149044,133.29266,-8.814948,-15.000033,-42.15777,1.3237058,15.813582,130.20644,-6.731959,14.773149,1.0716245,-0.13143067,29.793802,-63.833202,4.4281244,-54.63587,73.69188,6.520291,1.5211679,49.108627,-71.21101,4.0143695,39.50341,75.08638,1.4679505,-0.42944685,-51.738457
213,-74.33604431152344,16.777164459228516,48.68815994262695,-3.1219715538304613,17.47087112430785,123.8444383196934,-35.896713,-7.134582,-4.4946384,133.39561,-10.78373,-15.000033,-41.83413,0.7534778,15.251786,129.97726,-7.4819016,14.870482,1.0584353,-0.2501529,29.793802,-63.914463,4.40008,-54.600685,74.06708,5.9861255,1.6102335,46.98842,-71.246315,3.9882872,39.314964,75.55168,1.8589011,-0.26029074,-50.516914
214,-74.26239013671875,16.67354965209961,48.707950592041016,-3.038103248027994,16.64340637338478,124.005197006934,-35.249397,-7.1968145,-4.535403,133.53052,-11.432934,-15.000033,-41.214863,0.66301686,15.364728,130.17448,-8.185877,14.451019,0.9625775,-0.29820517,29.793802,-63.69446,4.371673,-54.454163,74.37933,6.0080595,1.8013364,45.84085,-70.88355,3.9503098,39.391903,75.82697,1.9125545,-0.3785038,-49.809692
215,-74.19186401367188,16.60585594177246,48.83030700683594,-2.787107429823076,15.940495476930012,124.19251412794016,-34.83002,-6.794816,-4.1986976,133.42726,-11.117527,-15.000033,-40.45751,0.96486247,15.558011,130.11053,-7.70084,14.92302,0.8613474,-0.27729943,29.739824,-63.40394,4.3354044,-54.24317,74.710396,6.014862,1.7438712,45.52618,-70.436035,3.8750513,39.27736,76.1733,2.3085685,-0.45511448,-49.164494
216,-74.15287780761719,16.576175689697266,48.83661651611328,-2.8055750503175325,15.58089144988877,124.19491334312762,-34.52756,-6.8477144,-4.2759233,133.48674,-11.663249,-15.000033,-40.421192,0.44268462,15.431114,130.27397,-8.15382,14.342361,0.8948092,-0.28424397,29.632637,-63.18245,4.326301,-54.196846,74.77133,6.313683,2.0412436,44.982555,-70.12763,3.8579373,39.295807,76.13266,1.9110883,-0.6054168,-49.25034
217,-74.1457290649414,16.604143142700195,48.820865631103516,-2.8015225148835774,15.723329405713041,124.1876397268625,-34.604145,-6.8378525,-4.3385406,133.46501,-11.366263,-15.000033,-40.696453,0.069879465,15.344545,130.35931,-8.358972,13.920374,0.8994268,-0.24795204,29.587088,-63.19415,4.3060937,-54.185772,74.741,6.1530056,1.888171,45.05913,-70.08135,3.8103347,39.242424,75.937836,1.7742305,-0.6620809,-49.404922
218,-74.2000503540039,16.67230987548828,48.6740837097168,-2.3959773674496088,16.24175220087123,123.96780955304985,-34.939182,-7.023104,-3.2004206,133.30347,-9.531001,-15.000033,-40.971066,0.1614492,16.033579,130.64308,-8.063507,14.236296,1.0098766,-0.32969096,29.72486,-63.4571,4.2926702,-54.546318,74.592125,6.1982493,1.022335,46.791317,-70.30648,3.8057833,39.47577,75.4247,1.4903634,-0.57949656,-50.10636
219,-74.24647521972656,16.7821102142334,48.65975570678711,-2.460943004504824,16.9854503020614,123.81306210330705,-35.47926,-6.9352,-3.2526731,133.15369,-9.413433,-15.000033,-41.539116,0.23759373,15.947205,130.49527,-8.085892,14.489723,1.1172068,-0.22861026,29.793802,-63.65109,4.275863,-54.82563,74.32066,6.4901767,0.93663925,47.127007,-70.61325,3.8078282,39.462276,75.02276,1.2218039,-0.6701068,-50.567017
220,-74.2995376586914,16.897424697875977,48.60746383666992,-2.5452289293943418,17.77885005020869,123.85589513064875,-36.16789,-6.900451,-3.5951488,133.1881,-9.251403,-15.000033,-42.1648,0.42687967,15.771177,130.43579,-7.299981,14.601829,1.0747367,-0.1609497,29.793802,-63.792686,4.239796,-55.167027,73.98903,6.1564336,0.77780706,48.22818,-70.93989,3.82033,39.667797,74.60853,0.7979102,-0.572479,-51.67045
221,-74.36128234863281,16.974658966064453,48.644126892089844,-2.9452428691983292,18.31483434910221,123.96477801666583,-36.58224,-7.2914257,-4.50565,133.18759,-9.491224,-15.000033,-42.672348,-0.14637172,15.016191,130.10243,-7.920637,14.348744,1.0570091,-0.21542452,29.793802,-63.92836,4.1586285,-55.060146,73.74546,6.2445965,1.6401613,47.959183,-71.226494,3.803947,39.56818,74.579895,0.89980066,-0.51682574,-51.74407
222,-74.40365600585938,17.02065658569336,48.64863586425781,-2.8852852572958625,18.799643225878835,123.9128298390005,-37.07305,-7.438301,-4.4449844,133.09183,-8.865534,-15.000033,-43.08495,-0.16547762,15.146812,130.01076,-7.3248253,13.979443,1.0518745,-0.24021609,29.793802,-64.07824,4.09292,-55.06415,73.64918,6.273758,1.7991014,48.6281,-71.38447,3.7972844,39.702755,74.27938,0.8304518,-0.7212832,-52.137493
223,-74.41545867919922,17.01283073425293,48.6297607421875,-2.934196989211534,18.819120066898954,123.87752350200067,-37.13782,-7.5942445,-4.5298066,133.17505,-8.927481,-15.000033,-43.051163,-0.2853947,15.09722,129.98013,-7.414538,14.068773,1.0643164,-0.268899,29.793802,-64.08815,4.065846,-55.02499,73.626724,6.3138814,1.9677695,48.437946,-71.416275,3.7888308,39.6168,74.24841,1.080575,-0.49449718,-51.978985
224,-74.3868179321289,16.966014862060547,48.674320220947266,-2.6675446826101066,18.321382155691676,123.94514419976358,-36.664658,-7.8286276,-4.268224,133.02806,-9.430064,-15.000033,-42.545753,0.4207075,15.6409445,130.12207,-7.0351515,14.07432,1.1160909,-0.06503849,29.793802,-63.84922,3.9674218,-54.970448,73.90214,6.0977573,1.1764616,49.1752,-71.23519,3.7873855,39.866837,74.926636,0.9681103,-0.5815609,-52.17228
225,-74.32512664794922,16.889055252075195,48.613101959228516,-2.8670898866161716,17.90284211443087,124.00178260028211,-36.265755,-7.1776295,-4.5070353,133.35666,-10.193972,-15.000033,-42.16574,1.0268532,15.504333,130.3043,-6.8439837,14.46177,1.1176908,0.044940338,29.793802,-63.91468,3.8956115,-54.525154,74.13578,5.939835,1.264735,48.79357,-71.1327,3.7701435,39.704544,75.19654,1.4396341,-0.61366713,-51.52769
226,-74.26039123535156,16.78075408935547,48.72283935546875,-3.081095162687729,17.102223962825278,124.10083372257677,-35.70015,-7.0018554,-4.9126716,133.49803,-11.544223,-15.000033,-41.75197,0.2939862,15.010656,130.2058,-7.4116054,14.094018,1.0377911,-0.18283062,29.793802,-63.764935,3.8785183,-54.49423,74.517845,5.922644,1.4039476,46.422173,-70.865875,3.7406123,39.52795,75.6191,1.5238798,-0.73276687,-50.478577
227,-74.20122528076172,16.69680404663086,48.72557067871094,-2.870437733723225,16.43901369405723,124.23976448666409,-35.119343,-6.850788,-4.562885,133.51514,-11.770748,-15.000033,-41.01367,0.73629075,15.365075,130.35336,-7.6069317,14.356555,0.981286,-0.18433975,29.793802,-63.60877,3.865212,-54.12351,74.64878,6.007144,1.4853166,45.841206,-70.566864,3.6702254,39.35518,75.863914,2.161817,-0.8514153,-49.810352
228,-74.15796661376953,16.65016746520996,48.68388366699219,-2.6541972931766535,16.12881268155106,124.30883859509836,-34.77558,-6.6983314,-4.213919,133.50739,-12.068014,-15.000033,-40.582844,0.75837076,15.609917,130.4989,-7.573121,14.464964,0.98606294,-0.12057898,29.793802,-63.53792,3.8445885,-53.798378,74.63868,5.980831,1.8480177,45.36892,-70.40992,3.576256,38.973763,75.858696,2.2197454,-0.65612966,-49.71694
229,-74.14551544189453,16.64196014404297,48.754905700683594,-2.6709673667517895,15.931451707836136,124.38768521249894,-34.658417,-6.7114644,-4.318909,133.43817,-12.158315,-15.000033,-40.711224,0.29850507,15.421309,130.5339,-7.7368417,14.023402,0.95797217,-0.18499812,29.793802,-63.41899,3.827213,-53.90709,74.769196,5.81382,1.3865469,45.43566,-70.1786,3.5213573,39.102573,75.80922,1.8590415,-0.9497002,-49.76951
230,-74.16863250732422,16.680788040161133,48.7392463684082,-2.7482775116345737,15.974723194060028,124.31929156494989,-34.614532,-6.8759637,-4.4033995,133.43414,-12.082251,-15.000033,-40.930912,-0.2743416,15.225558,130.58069,-7.953118,13.663004,1.0439184,-0.2104762,29.793802,-63.387814,3.8116999,-53.9819,74.69254,5.900539,1.5656563,45.35887,-70.088356,3.482106,39.130054,75.64175,1.7784964,-1.0023016,-50.00183
231,-74.23140716552734,16.770828247070312,48.550533294677734,-2.587381383242684,16.737299286429568,123.87709351485456,-35.09251,-6.8003883,-3.571783,133.41006,-10.522936,-15.000033,-41.638504,-0.05182681,15.778723,130.91302,-7.389714,13.720885,1.2139864,-0.20786303,29.793802,-63.618885,3.8140137,-54.203205,74.409706,6.144547,0.8109746,46.89158,-70.12896,3.4930959,39.224613,74.567276,1.289898,-1.1586714,-51.026966
232,-74.3056869506836,16.878562927246094,48.50438690185547,-2.5394003014177207,17.39692737925528,123.99823418122502,-35.626194,-7.250385,-3.6062646,133.30818,-9.615835,-15.000033,-42.147385,-0.067756094,15.735618,130.91603,-6.8584065,13.743892,1.1849676,-0.23573561,29.793802,-63.685184,3.7897294,-54.706787,74.08776,6.240585,0.42359486,48.196033,-70.47334,3.5139236,39.751186,74.48644,1.2706656,-1.0900412,-51.590126
233,-74.35244750976562,17.0007266998291,48.45182800292969,-3.181267365040355,18.49783006915545,123.83513818560678,-36.377193,-7.2624545,-4.9094424,133.44467,-10.466723,-15.000033,-43.075596,-0.207917,14.856108,130.55478,-7.5433426,13.78214,1.2550236,-0.073935784,29.793802,-64.0658,3.7667449,-54.696136,73.61596,6.322068,1.5788466,47.790833,-70.994644,3.5117316,39.6537,73.79576,0.9279759,-1.1479566,-51.906116
234,-74.41036987304688,17.079500198364258,48.37568283081055,-3.2633227928116306,18.8834672221683,123.67924444615315,-36.559597,-7.5941095,-4.9105654,133.43642,-10.138892,-15.000033,-43.36346,-0.15551654,14.872736,130.58284,-7.27587,13.730679,1.3443944,-0.059691247,29.793802,-64.08577,3.7188146,-54.82973,73.43029,6.3440766,1.6136122,48.30649,-71.0433,3.5457234,39.730293,73.462105,1.0295962,-1.2756431,-52.28201
235,-74.4381332397461,17.118722915649414,48.314300537109375,-2.9028178627216574,18.724962145738964,123.74374496649178,-36.43274,-7.5732017,-4.279189,133.40671,-8.22391,-15.000033,-42.995354,0.57330126,15.498527,130.84235,-6.2380786,14.035666,1.3013908,0.07326328,29.793802,-63.851665,3.6759772,-54.907063,73.37976,6.3081217,0.9784431,49.396576,-70.88193,3.5942922,40.08155,73.58211,0.9797656,-1.3312311,-52.73511
236,-74.43762969970703,17.110971450805664,48.26809310913086,-2.7370037624036527,18.5322217013528,123.97098081472446,-36.373978,-7.8664956,-4.310793,133.55699,-8.306997,-15.000033,-42.726902,0.65183055,15.703356,131.00908,-6.1267014,13.643867,1.2295524,0.052390125,29.793802,-63.78611,3.6258483,-54.67275,73.323204,6.104905,1.1626996,48.771133,-70.95892,3.6214468,40.192917,74.07984,1.231428,-1.0305523,-52.41035
237,-74.39337921142578,17.074003219604492,48.198543548583984,-3.073074502959564,18.27017987439082,123.78181295932713,-35.844933,-7.480503,-4.8092823,133.77847,-10.737262,-15.000033,-42.517853,0.89780474,15.4474125,131.08116,-6.5897193,13.734899,1.3555832,0.17953129,29.793802,-63.872852,3.5729618,-54.50371,73.68152,5.753607,0.89578396,48.336876,-70.97363,3.6783013,40.1049,74.36975,1.8922893,-0.9357237,-51.634357
238,-74.3550033569336,16.998546600341797,48.284637451171875,-2.8492300874512435,17.835910500331018,123.87494814874513,-35.69228,-7.2806916,-4.5317583,133.72952,-10.728815,-15.000033,-42.07388,1.0790648,15.762276,131.05069,-6.5656285,13.778533,1.2552565,0.11353444,29.793802,-63.763527,3.5611544,-54.33936,73.86105,5.7497787,0.85526353,46.88663,-70.87254,3.694931,40.04706,74.73045,1.8530744,-0.7721125,-50.786816
239,-74.3171615600586,16.897233963012695,48.33735656738281,-3.172207479986087,17.206424091523736,123.97969904525871,-35.194725,-7.02947,-5.015539,133.9552,-12.434511,-15.000033,-41.676743,0.4773009,15.166946,130.94594,-7.47929,13.7188015,1.212282,-0.10805813,29.793802,-63.726017,3.5602016,-54.216904,74.08421,5.881182,1.504554,45.3731,-70.77999,3.687848,39.8884,75.26476,2.3505466,-0.6494453,-49.627365
